IID,POOL,cluster
SAMEA110189749,Elite_spring,0
SAMEA110190007,Elite_spring,0
SAMEA110189858,Elite_spring,0
SAMEA110189859,Elite_spring,0
SAMEA110189802,Elite_spring,0
SAMEA110189836,Elite_spring,0
SAMEA110189837,Elite_spring,0
SAMEA110189750,Elite_spring,0
SAMEA110189751,Elite_spring,0
SAMEA110189752,Elite_spring,0
SAMEA110189838,Elite_spring,0
SAMEA110189839,Elite_spring,0
SAMEA110189753,Elite_spring,0
SAMEA110189840,Elite_spring,0
SAMEA110189841,Elite_spring,0
SAMEA110189754,Elite_spring,0
SAMEA110189742,Elite_spring,0
SAMEA110189822,Elite_spring,0
SAMEA110189736,Elite_spring,0
SAMEA110189755,Elite_spring,0
SAMEA110189823,Elite_spring,0
SAMEA110189737,Elite_spring,0
SAMEA110189738,Elite_spring,0
SAMEA110189739,Elite_spring,0
SAMEA110189740,Elite_spring,0
SAMEA110189803,Elite_spring,0
SAMEA110189741,Elite_spring,0
SAMEA110189804,Elite_spring,0
SAMEA110189756,Elite_spring,0
SAMEA110189757,Elite_spring,0
SAMEA110189758,Elite_spring,0
SAMEA110189759,Elite_spring,0
SAMEA110189760,Elite_spring,0
SAMEA110189824,Elite_spring,0
SAMEA110189761,Elite_spring,0
SAMEA110189781,Elite_spring,0
SAMEA110189762,Elite_spring,0
SAMEA110189805,Elite_spring,0
SAMEA110189825,Elite_spring,0
SAMEA110189743,Elite_spring,0
SAMEA110189735,Elite_spring,0
SAMEA110189806,Elite_spring,0
SAMEA110189826,Elite_spring,0
SAMEA110189807,Elite_spring,0
SAMEA110189763,Elite_spring,0
SAMEA110189744,Elite_spring,0
SAMEA110189808,Elite_spring,0
SAMEA110189827,Elite_spring,0
SAMEA110189842,Elite_spring,0
SAMEA110189943,Elite_spring,0
SAMEA110189845,Elite_spring,0
SAMEA110189809,Elite_spring,0
SAMEA110189810,Elite_spring,0
SAMEA110189764,Elite_spring,0
SAMEA110189745,Elite_spring,0
SAMEA110189828,Elite_spring,0
SAMEA110189765,Elite_spring,0
SAMEA110189766,Elite_spring,0
SAMEA110189782,Elite_spring,0
SAMEA110189811,Elite_spring,0
SAMEA110189767,Elite_spring,0
SAMEA110189768,Elite_spring,0
SAMEA110189812,Elite_spring,0
SAMEA110189783,Elite_spring,0
SAMEA110189769,Elite_spring,0
SAMEA110189784,Elite_spring,0
SAMEA110189785,Elite_spring,0
SAMEA110189813,Elite_spring,0
SAMEA110189846,Elite_spring,0
SAMEA110189770,Elite_spring,0
SAMEA110189829,Elite_spring,0
SAMEA110189734,Elite_spring,0
SAMEA110189847,Elite_spring,0
SAMEA110189814,Elite_spring,0
SAMEA110189746,Elite_spring,0
SAMEA110189787,Elite_spring,0
SAMEA110189771,Elite_spring,0
SAMEA110189843,Elite_spring,0
SAMEA110189848,Elite_spring,0
SAMEA110189747,Elite_spring,0
SAMEA110189788,Elite_spring,0
SAMEA110189815,Elite_spring,0
SAMEA110189849,Elite_spring,0
SAMEA110189789,Elite_spring,0
SAMEA110189790,Elite_spring,0
SAMEA110189850,Elite_spring,0
SAMEA110189772,Elite_spring,0
SAMEA110189773,Elite_spring,0
SAMEA110189791,Elite_spring,0
SAMEA110189830,Elite_spring,0
SAMEA110189792,Elite_spring,0
SAMEA110190015,Elite_spring,0
SAMEA110189793,Elite_spring,0
SAMEA110189831,Elite_spring,0
SAMEA110189915,Elite_spring,0
SAMEA110189851,Elite_spring,0
SAMEA110189832,Elite_spring,0
SAMEA110189852,Elite_spring,0
SAMEA110189816,Elite_spring,0
SAMEA110189794,Elite_spring,0
SAMEA110189817,Elite_spring,0
SAMEA110189833,Elite_spring,0
SAMEA110189853,Elite_spring,0
SAMEA110189774,Elite_spring,0
SAMEA110189854,Elite_spring,0
SAMEA110189795,Elite_spring,0
SAMEA110189818,Elite_spring,0
SAMEA110189819,Elite_spring,0
SAMEA110189775,Elite_spring,0
SAMEA110189844,Elite_spring,0
SAMEA110189914,Elite_spring,0
SAMEA110189855,Elite_spring,0
SAMEA110189748,Elite_spring,0
SAMEA110189796,Elite_spring,0
SAMEA110189797,Elite_spring,0
SAMEA110189776,Elite_spring,0
SAMEA110189777,Elite_spring,0
SAMEA110189778,Elite_spring,0
SAMEA110189798,Elite_spring,0
SAMEA110189799,Elite_spring,0
SAMEA110189834,Elite_spring,0
SAMEA110189856,Elite_spring,0
SAMEA110189779,Elite_spring,0
SAMEA110189800,Elite_spring,0
SAMEA110189857,Elite_spring,0
SAMEA110189801,Elite_spring,0
SAMEA110189780,Elite_spring,0
SAMEA110189835,Elite_spring,0
SAMEA110189983,Elite_winter,0
SAMEA110189984,Elite_winter,0
SAMEA110189892,Elite_winter,0
SAMEA110189928,Elite_winter,0
SAMEA110189893,Elite_winter,0
SAMEA110189963,Elite_winter,0
SAMEA110189964,Elite_winter,0
SAMEA110189985,Elite_winter,0
SAMEA110189965,Elite_winter,0
SAMEA110189899,Elite_winter,0
SAMEA110189900,Elite_winter,0
SAMEA110189929,Elite_winter,0
SAMEA110189986,Elite_winter,0
SAMEA110189889,Elite_winter,0
SAMEA110189890,Elite_winter,0
SAMEA110189868,Elite_winter,0
SAMEA110189966,Elite_winter,0
SAMEA110189982,Elite_winter,0
SAMEA110189930,Elite_winter,0
SAMEA110189891,Elite_winter,0
SAMEA110189944,Elite_winter,0
SAMEA110189945,Elite_winter,0
SAMEA110189987,Elite_winter,0
SAMEA110189887,Elite_winter,0
SAMEA110189946,Elite_winter,0
SAMEA110189947,Elite_winter,0
SAMEA110189948,Elite_winter,0
SAMEA110189949,Elite_winter,0
SAMEA110189936,Elite_winter,0
SAMEA110189997,Elite_winter,0
SAMEA110189950,Elite_winter,0
SAMEA110189882,Elite_winter,0
SAMEA110190040,Elite_winter,0
SAMEA110189888,Elite_winter,0
SAMEA110189967,Elite_winter,0
SAMEA110189998,Elite_winter,0
SAMEA110190034,Elite_winter,0
SAMEA110189988,Elite_winter,0
SAMEA110190029,Elite_winter,0
SAMEA110189937,Elite_winter,0
SAMEA110189894,Elite_winter,0
SAMEA110190041,Elite_winter,0
SAMEA110189883,Elite_winter,0
SAMEA110189884,Elite_winter,0
SAMEA110189931,Elite_winter,0
SAMEA110189901,Elite_winter,0
SAMEA110190030,Elite_winter,0
SAMEA110189968,Elite_winter,0
SAMEA110189932,Elite_winter,0
SAMEA110189999,Elite_winter,0
SAMEA110190000,Elite_winter,0
SAMEA110189933,Elite_winter,0
SAMEA110189895,Elite_winter,0
SAMEA110190039,Elite_winter,0
SAMEA110190010,Elite_winter,0
SAMEA110189989,Elite_winter,0
SAMEA110190031,Elite_winter,0
SAMEA110189902,Elite_winter,0
SAMEA110190027,Elite_winter,0
SAMEA110189951,Elite_winter,0
SAMEA110189903,Elite_winter,0
SAMEA110190038,Elite_winter,0
SAMEA110190037,Elite_winter,0
SAMEA110189938,Elite_winter,0
SAMEA110189939,Elite_winter,0
SAMEA110189869,Elite_winter,0
SAMEA110189990,Elite_winter,0
SAMEA110189940,Elite_winter,0
SAMEA110189870,Elite_winter,0
SAMEA110189969,Elite_winter,0
SAMEA110189904,Elite_winter,0
SAMEA110189905,Elite_winter,0
SAMEA110189941,Elite_winter,0
SAMEA110190001,Elite_winter,0
SAMEA110189906,Elite_winter,0
SAMEA110189970,Elite_winter,0
SAMEA110189907,Elite_winter,0
SAMEA110189908,Elite_winter,0
SAMEA110189909,Elite_winter,0
SAMEA110189871,Elite_winter,0
SAMEA110189971,Elite_winter,0
SAMEA110189910,Elite_winter,0
SAMEA110189952,Elite_winter,0
SAMEA110189911,Elite_winter,0
SAMEA110190022,Elite_winter,0
SAMEA110189972,Elite_winter,0
SAMEA110189973,Elite_winter,0
SAMEA110189974,Elite_winter,0
SAMEA110189912,Elite_winter,0
SAMEA110189975,Elite_winter,0
SAMEA110190011,Elite_winter,0
SAMEA110190023,Elite_winter,0
SAMEA110189913,Elite_winter,0
SAMEA110190008,Elite_winter,0
SAMEA110189976,Elite_winter,0
SAMEA110189872,Elite_winter,0
SAMEA110190024,Elite_winter,0
SAMEA110190025,Elite_winter,0
SAMEA110190002,Elite_winter,0
SAMEA110189873,Elite_winter,0
SAMEA110190012,Elite_winter,0
SAMEA110189874,Elite_winter,0
SAMEA110189977,Elite_winter,0
SAMEA110190028,Elite_winter,0
SAMEA110190009,Elite_winter,0
SAMEA110189875,Elite_winter,0
SAMEA110189896,Elite_winter,0
SAMEA110189876,Elite_winter,0
SAMEA110189991,Elite_winter,0
SAMEA110189916,Elite_winter,0
SAMEA110189953,Elite_winter,0
SAMEA110190013,Elite_winter,0
SAMEA110189917,Elite_winter,0
SAMEA110189962,Elite_winter,0
SAMEA110190026,Elite_winter,0
SAMEA110189918,Elite_winter,0
SAMEA110189942,Elite_winter,0
SAMEA110189877,Elite_winter,0
SAMEA110189934,Elite_winter,0
SAMEA110190014,Elite_winter,0
SAMEA110189885,Elite_winter,0
SAMEA110189954,Elite_winter,0
SAMEA110189955,Elite_winter,0
SAMEA110190016,Elite_winter,0
SAMEA110189992,Elite_winter,0
SAMEA110190003,Elite_winter,0
SAMEA110190004,Elite_winter,0
SAMEA110189956,Elite_winter,0
SAMEA110190017,Elite_winter,0
SAMEA110190035,Elite_winter,0
SAMEA110189878,Elite_winter,0
SAMEA110190042,Elite_winter,0
SAMEA110190005,Elite_winter,0
SAMEA110189897,Elite_winter,0
SAMEA110189919,Elite_winter,0
SAMEA110189879,Elite_winter,0
SAMEA110190018,Elite_winter,0
SAMEA110189920,Elite_winter,0
SAMEA110189993,Elite_winter,0
SAMEA110189921,Elite_winter,0
SAMEA110190036,Elite_winter,0
SAMEA110189978,Elite_winter,0
SAMEA110189994,Elite_winter,0
SAMEA110189886,Elite_winter,0
SAMEA110189922,Elite_winter,0
SAMEA110190032,Elite_winter,0
SAMEA110189880,Elite_winter,0
SAMEA110189923,Elite_winter,0
SAMEA110189924,Elite_winter,0
SAMEA110189995,Elite_winter,0
SAMEA110189935,Elite_winter,0
SAMEA110189957,Elite_winter,0
SAMEA110189898,Elite_winter,0
SAMEA110190033,Elite_winter,0
SAMEA110189958,Elite_winter,0
SAMEA110190006,Elite_winter,0
SAMEA110189925,Elite_winter,0
SAMEA110189996,Elite_winter,0
SAMEA110189979,Elite_winter,0
SAMEA110189926,Elite_winter,0
SAMEA110189927,Elite_winter,0
SAMEA110190019,Elite_winter,0
SAMEA110189980,Elite_winter,0
SAMEA110189959,Elite_winter,0
SAMEA110189960,Elite_winter,0
SAMEA110189881,Elite_winter,0
SAMEA110190020,Elite_winter,0
SAMEA110190021,Elite_winter,0
SAMEA110189981,Elite_winter,0
SAMEA110189961,Elite_winter,0
SAMEA6619041,PGR_spring,2
SAMEA110189554,PGR_spring,1
SAMEA110189556,PGR_spring,1
SAMEA110189631,PGR_spring,1
SAMEA110189534,PGR_spring,1
SAMEA110189318,PGR_spring,0
SAMEA110189685,PGR_spring,0
SAMEA110189540,PGR_spring,4
SAMEA110189682,PGR_spring,0
SAMEA110189683,PGR_spring,0
SAMEA110189684,PGR_spring,0
SAMEA110189227,PGR_spring,0
SAMEA110189435,PGR_spring,-1
SAMEA110189688,PGR_spring,0
SAMEA110189164,PGR_spring,0
SAMEA110189165,PGR_spring,0
SAMEA110189294,PGR_spring,0
SAMEA110189322,PGR_spring,0
SAMEA110189166,PGR_spring,0
SAMEA110189309,PGR_spring,0
SAMEA110189693,PGR_spring,0
SAMEA110189260,PGR_spring,0
SAMEA110189547,PGR_spring,0
SAMEA110189694,PGR_spring,0
SAMEA110189257,PGR_spring,0
SAMEA110189323,PGR_spring,0
SAMEA6619037,PGR_spring,0
SAMEA110189314,PGR_spring,0
SAMEA6619036,PGR_spring,0
SAMEA6619035,PGR_spring,0
SAMEA6619034,PGR_spring,0
SAMEA110189697,PGR_spring,0
SAMEA110189696,PGR_spring,0
SAMEA110189327,PGR_spring,0
SAMEA6619033,PGR_spring,0
SAMEA6619032,PGR_spring,2
SAMEA110189330,PGR_spring,2
SAMEA110189084,PGR_spring,4
SAMEA110189158,PGR_spring,4
SAMEA6619030,PGR_spring,0
SAMEA110189172,PGR_spring,0
SAMEA110189542,PGR_spring,0
SAMEA110188924,PGR_spring,0
SAMEA110189698,PGR_spring,0
SAMEA110189699,PGR_spring,0
SAMEA110189700,PGR_spring,0
SAMEA110189497,PGR_spring,0
SAMEA110189173,PGR_spring,0
SAMEA110189552,PGR_spring,0
SAMEA6619028,PGR_spring,2
SAMEA110189726,PGR_spring,2
SAMEA110189629,PGR_spring,-1
SAMEA110189491,PGR_spring,-1
SAMEA6619027,PGR_spring,0
SAMEA6619026,PGR_spring,4
SAMEA6619025,PGR_spring,4
SAMEA110189612,PGR_spring,0
SAMEA110189485,PGR_spring,0
SAMEA110189645,PGR_spring,0
SAMEA110189643,PGR_spring,0
SAMEA110189653,PGR_spring,0
SAMEA6619023,PGR_spring,0
SAMEA110189498,PGR_spring,0
SAMEA110189445,PGR_spring,1
SAMEA110189566,PGR_spring,0
SAMEA110189702,PGR_spring,0
SAMEA6619022,PGR_spring,0
SAMEA6619020,PGR_spring,2
SAMEA110189588,PGR_spring,0
SAMEA110189301,PGR_spring,0
SAMEA110189204,PGR_spring,0
SAMEA110189299,PGR_spring,3
SAMEA110189573,PGR_spring,0
SAMEA110189290,PGR_spring,0
SAMEA110189337,PGR_spring,0
SAMEA6619015,PGR_spring,0
SAMEA110189577,PGR_spring,0
SAMEA110189571,PGR_spring,0
SAMEA110189601,PGR_spring,0
SAMEA110189486,PGR_spring,0
SAMEA110189315,PGR_spring,0
SAMEA6619003,PGR_spring,4
SAMEA6619002,PGR_spring,4
SAMEA110188994,PGR_spring,4
SAMEA6435258,PGR_spring,-1
SAMEA110189229,PGR_spring,0
SAMEA110189230,PGR_spring,0
SAMEA6618999,PGR_spring,3
SAMEA6618998,PGR_spring,0
SAMEA110189231,PGR_spring,3
SAMEA110189261,PGR_spring,0
SAMEA110189630,PGR_spring,0
SAMEA110189447,PGR_spring,0
SAMEA6435259,PGR_spring,0
SAMEA6618997,PGR_spring,2
SAMEA110189650,PGR_spring,0
SAMEA6618996,PGR_spring,0
SAMEA110189234,PGR_spring,0
SAMEA110189235,PGR_spring,0
SAMEA110189236,PGR_spring,0
SAMEA110189238,PGR_spring,0
SAMEA110189239,PGR_spring,0
SAMEA110189240,PGR_spring,3
SAMEA110188995,PGR_spring,0
SAMEA110188996,PGR_spring,0
SAMEA110189241,PGR_spring,0
SAMEA110189306,PGR_spring,3
SAMEA110189305,PGR_spring,0
SAMEA110189156,PGR_spring,0
SAMEA110189499,PGR_spring,0
SAMEA110189449,PGR_spring,2
SAMEA110189450,PGR_spring,0
SAMEA110189451,PGR_spring,0
SAMEA6618994,PGR_spring,2
SAMEA110189242,PGR_spring,0
SAMEA110189243,PGR_spring,-1
SAMEA110189452,PGR_spring,0
SAMEA110188925,PGR_spring,0
SAMEA6618993,PGR_spring,0
SAMEA110189178,PGR_spring,0
SAMEA110189501,PGR_spring,1
SAMEA6618991,PGR_spring,0
SAMEA110189088,PGR_spring,0
SAMEA110189089,PGR_spring,0
SAMEA110188959,PGR_spring,0
SAMEA110188999,PGR_spring,0
SAMEA110188927,PGR_spring,0
SAMEA110188928,PGR_spring,0
SAMEA6618990,PGR_spring,0
SAMEA110188929,PGR_spring,0
SAMEA110188930,PGR_spring,0
SAMEA110188931,PGR_spring,0
SAMEA110189454,PGR_spring,2
SAMEA110188960,PGR_spring,0
SAMEA6618989,PGR_spring,2
SAMEA110189086,PGR_spring,2
SAMEA110189087,PGR_spring,2
SAMEA110188932,PGR_spring,0
SAMEA110188933,PGR_spring,0
SAMEA110188934,PGR_spring,0
SAMEA110188962,PGR_spring,0
SAMEA110188963,PGR_spring,0
SAMEA110188935,PGR_spring,0
SAMEA110189090,PGR_spring,0
SAMEA110188964,PGR_spring,0
SAMEA110189091,PGR_spring,0
SAMEA110189155,PGR_spring,-1
SAMEA110189000,PGR_spring,-1
SAMEA110188936,PGR_spring,0
SAMEA110189001,PGR_spring,2
SAMEA110189093,PGR_spring,0
SAMEA6618986,PGR_spring,2
SAMEA110189002,PGR_spring,0
SAMEA110189003,PGR_spring,2
SAMEA110189004,PGR_spring,2
SAMEA110188940,PGR_spring,0
SAMEA110189094,PGR_spring,2
SAMEA110189005,PGR_spring,-1
SAMEA110189095,PGR_spring,0
SAMEA110189096,PGR_spring,2
SAMEA110189007,PGR_spring,0
SAMEA110189008,PGR_spring,0
SAMEA110189010,PGR_spring,-1
SAMEA110189011,PGR_spring,2
SAMEA6618985,PGR_spring,0
SAMEA6618984,PGR_spring,2
SAMEA6618983,PGR_spring,0
SAMEA110189012,PGR_spring,3
SAMEA110189098,PGR_spring,0
SAMEA6618982,PGR_spring,0
SAMEA6618981,PGR_spring,0
SAMEA6618980,PGR_spring,0
SAMEA6618979,PGR_spring,2
SAMEA6618978,PGR_spring,2
SAMEA110189013,PGR_spring,0
SAMEA110189014,PGR_spring,0
SAMEA110189100,PGR_spring,0
SAMEA110189015,PGR_spring,0
SAMEA110189101,PGR_spring,2
SAMEA110189016,PGR_spring,0
SAMEA6618977,PGR_spring,0
SAMEA6618976,PGR_spring,0
SAMEA6618975,PGR_spring,0
SAMEA6618974,PGR_spring,-1
SAMEA110189102,PGR_spring,0
SAMEA110189017,PGR_spring,0
SAMEA110189018,PGR_spring,-1
SAMEA6618973,PGR_spring,4
SAMEA110189019,PGR_spring,0
SAMEA110189020,PGR_spring,0
SAMEA110189021,PGR_spring,2
SAMEA110189180,PGR_spring,0
SAMEA6618972,PGR_spring,0
SAMEA6618971,PGR_spring,0
SAMEA110189022,PGR_spring,0
SAMEA6618970,PGR_spring,2
SAMEA110188941,PGR_spring,0
SAMEA110189382,PGR_spring,0
SAMEA110189383,PGR_spring,0
SAMEA110189024,PGR_spring,0
SAMEA6618969,PGR_spring,0
SAMEA110189025,PGR_spring,2
SAMEA110189026,PGR_spring,4
SAMEA110189027,PGR_spring,0
SAMEA110188942,PGR_spring,0
SAMEA110189028,PGR_spring,0
SAMEA110189029,PGR_spring,0
SAMEA6618966,PGR_spring,4
SAMEA110189031,PGR_spring,0
SAMEA110189032,PGR_spring,0
SAMEA110189033,PGR_spring,0
SAMEA110189034,PGR_spring,0
SAMEA110188969,PGR_spring,0
SAMEA110189035,PGR_spring,0
SAMEA110189604,PGR_spring,0
SAMEA110189108,PGR_spring,0
SAMEA110189605,PGR_spring,1
SAMEA6618965,PGR_spring,-1
SAMEA110189036,PGR_spring,0
SAMEA110188944,PGR_spring,0
SAMEA110189111,PGR_spring,0
SAMEA110189042,PGR_spring,0
SAMEA110189351,PGR_spring,0
SAMEA110189044,PGR_spring,-1
SAMEA110188970,PGR_spring,0
SAMEA110188971,PGR_spring,0
SAMEA110188947,PGR_spring,0
SAMEA6618964,PGR_spring,4
SAMEA110188972,PGR_spring,0
SAMEA110188973,PGR_spring,0
SAMEA110188975,PGR_spring,0
SAMEA110189548,PGR_spring,2
SAMEA110189550,PGR_spring,0
SAMEA110189283,PGR_spring,0
SAMEA110189050,PGR_spring,0
SAMEA110189122,PGR_spring,3
SAMEA6618961,PGR_spring,-1
SAMEA6618960,PGR_spring,4
SAMEA110189123,PGR_spring,0
SAMEA110189124,PGR_spring,2
SAMEA6618959,PGR_spring,0
SAMEA6618958,PGR_spring,0
SAMEA6618957,PGR_spring,0
SAMEA6618956,PGR_spring,-1
SAMEA6618955,PGR_spring,0
SAMEA110189127,PGR_spring,0
SAMEA110189619,PGR_spring,0
SAMEA110189560,PGR_spring,0
SAMEA110189052,PGR_spring,0
SAMEA110189637,PGR_spring,3
SAMEA6618954,PGR_spring,0
SAMEA110188950,PGR_spring,0
SAMEA110188980,PGR_spring,0
SAMEA110188981,PGR_spring,0
SAMEA110188982,PGR_spring,0
SAMEA6618953,PGR_spring,2
SAMEA110189054,PGR_spring,2
SAMEA6618952,PGR_spring,-1
SAMEA6618951,PGR_spring,0
SAMEA110189130,PGR_spring,0
SAMEA6618950,PGR_spring,0
SAMEA110188953,PGR_spring,0
SAMEA110189132,PGR_spring,0
SAMEA6618949,PGR_spring,2
SAMEA110189061,PGR_spring,0
SAMEA110188984,PGR_spring,0
SAMEA110189288,PGR_spring,0
SAMEA110189504,PGR_spring,0
SAMEA110189455,PGR_spring,0
SAMEA110189353,PGR_spring,0
SAMEA110189638,PGR_spring,0
SAMEA110189139,PGR_spring,-1
SAMEA110189140,PGR_spring,0
SAMEA110189505,PGR_spring,2
SAMEA110189506,PGR_spring,0
SAMEA6618947,PGR_spring,0
SAMEA110189143,PGR_spring,0
SAMEA6618946,PGR_spring,0
SAMEA110189658,PGR_spring,0
SAMEA110188986,PGR_spring,0
SAMEA110189080,PGR_spring,0
SAMEA6618945,PGR_spring,0
SAMEA110189071,PGR_spring,0
SAMEA6618944,PGR_spring,0
SAMEA6618943,PGR_spring,0
SAMEA110188987,PGR_spring,0
SAMEA110189153,PGR_spring,0
SAMEA110189282,PGR_spring,0
SAMEA110189146,PGR_spring,2
SAMEA110189181,PGR_spring,0
SAMEA6618942,PGR_spring,0
SAMEA110189355,PGR_spring,0
SAMEA110189182,PGR_spring,0
SAMEA110189149,PGR_spring,2
SAMEA110189150,PGR_spring,1
SAMEA110189206,PGR_spring,0
SAMEA110189076,PGR_spring,1
SAMEA110189077,PGR_spring,0
SAMEA6618941,PGR_spring,1
SAMEA110189079,PGR_spring,1
SAMEA110189151,PGR_spring,1
SAMEA110189152,PGR_spring,0
SAMEA110189385,PGR_spring,0
SAMEA110189207,PGR_spring,0
SAMEA6618939,PGR_spring,-1
SAMEA110189386,PGR_spring,0
SAMEA6618938,PGR_spring,0
SAMEA110189208,PGR_spring,0
SAMEA110189701,PGR_spring,0
SAMEA110189209,PGR_spring,0
SAMEA110189183,PGR_spring,0
SAMEA110189289,PGR_spring,0
SAMEA110189433,PGR_spring,0
SAMEA110189389,PGR_spring,2
SAMEA6618932,PGR_spring,-1
SAMEA6618931,PGR_spring,4
SAMEA110189390,PGR_spring,0
SAMEA6618930,PGR_spring,0
SAMEA110189276,PGR_spring,3
SAMEA110189211,PGR_spring,0
SAMEA110189184,PGR_spring,0
SAMEA110189185,PGR_spring,0
SAMEA110189392,PGR_spring,0
SAMEA110189553,PGR_spring,0
SAMEA110189186,PGR_spring,0
SAMEA110189187,PGR_spring,0
SAMEA110189212,PGR_spring,0
SAMEA6618929,PGR_spring,0
SAMEA6618928,PGR_spring,0
SAMEA110189394,PGR_spring,2
SAMEA110189279,PGR_spring,0
SAMEA110189396,PGR_spring,0
SAMEA6618926,PGR_spring,0
SAMEA110189397,PGR_spring,0
SAMEA110189358,PGR_spring,0
SAMEA110189360,PGR_spring,0
SAMEA110189608,PGR_spring,-1
SAMEA110189434,PGR_spring,0
SAMEA110189213,PGR_spring,0
SAMEA6618924,PGR_spring,0
SAMEA6618923,PGR_spring,0
SAMEA110189188,PGR_spring,0
SAMEA110189403,PGR_spring,2
SAMEA110189215,PGR_spring,0
SAMEA6618918,PGR_spring,0
SAMEA110189216,PGR_spring,0
SAMEA110189189,PGR_spring,0
SAMEA110189316,PGR_spring,-1
SAMEA110189226,PGR_spring,0
SAMEA6618915,PGR_spring,0
SAMEA110189280,PGR_spring,0
SAMEA110189281,PGR_spring,0
SAMEA110189369,PGR_spring,0
SAMEA6618914,PGR_spring,0
SAMEA6618913,PGR_spring,0
SAMEA110189641,PGR_spring,0
SAMEA110189409,PGR_spring,0
SAMEA110189511,PGR_spring,4
SAMEA110189411,PGR_spring,0
SAMEA110189513,PGR_spring,0
SAMEA6618911,PGR_spring,-1
SAMEA110189661,PGR_spring,4
SAMEA110189663,PGR_spring,2
SAMEA110189371,PGR_spring,0
SAMEA110189244,PGR_spring,0
SAMEA110189642,PGR_spring,0
SAMEA110189414,PGR_spring,0
SAMEA110189217,PGR_spring,0
SAMEA110189307,PGR_spring,0
SAMEA110189664,PGR_spring,4
SAMEA6618910,PGR_spring,0
SAMEA110189218,PGR_spring,0
SAMEA6618909,PGR_spring,0
SAMEA110189193,PGR_spring,0
SAMEA110189515,PGR_spring,4
SAMEA110189264,PGR_spring,-1
SAMEA6618908,PGR_spring,0
SAMEA6618905,PGR_spring,0
SAMEA110189603,PGR_spring,0
SAMEA110189459,PGR_spring,-1
SAMEA110189460,PGR_spring,4
SAMEA110189516,PGR_spring,0
SAMEA110189297,PGR_spring,0
SAMEA110189517,PGR_spring,0
SAMEA110189461,PGR_spring,0
SAMEA6618903,PGR_spring,0
SAMEA6618902,PGR_spring,0
SAMEA110189652,PGR_spring,0
SAMEA110189462,PGR_spring,0
SAMEA110189246,PGR_spring,0
SAMEA110189464,PGR_spring,0
SAMEA6618901,PGR_spring,0
SAMEA110189518,PGR_spring,0
SAMEA6618900,PGR_spring,0
SAMEA110189304,PGR_spring,0
SAMEA110189296,PGR_spring,0
SAMEA110189247,PGR_spring,0
SAMEA6618899,PGR_spring,-1
SAMEA110189302,PGR_spring,0
SAMEA110189303,PGR_spring,0
SAMEA110189274,PGR_spring,0
SAMEA110189713,PGR_spring,0
SAMEA110189265,PGR_spring,0
SAMEA110189266,PGR_spring,0
SAMEA110189219,PGR_spring,0
SAMEA110189248,PGR_spring,0
SAMEA110189465,PGR_spring,0
SAMEA6618898,PGR_spring,-1
SAMEA110189519,PGR_spring,0
SAMEA6618897,PGR_spring,0
SAMEA110189418,PGR_spring,0
SAMEA110189591,PGR_spring,0
SAMEA110189220,PGR_spring,0
SAMEA110189561,PGR_spring,2
SAMEA110189594,PGR_spring,0
SAMEA110189725,PGR_spring,2
SAMEA6618894,PGR_spring,2
SAMEA110189595,PGR_spring,0
SAMEA110189628,PGR_spring,-1
SAMEA110189711,PGR_spring,-1
SAMEA110189564,PGR_spring,2
SAMEA6618893,PGR_spring,-1
SAMEA110189565,PGR_spring,-1
SAMEA6618892,PGR_spring,2
SAMEA110189584,PGR_spring,0
SAMEA110189482,PGR_spring,2
SAMEA110189626,PGR_spring,2
SAMEA110189489,PGR_spring,-1
SAMEA110189592,PGR_spring,0
SAMEA110189602,PGR_spring,2
SAMEA6618889,PGR_spring,4
SAMEA110189585,PGR_spring,0
SAMEA110189712,PGR_spring,2
SAMEA110189194,PGR_spring,0
SAMEA110189195,PGR_spring,0
SAMEA110189593,PGR_spring,0
SAMEA110189669,PGR_spring,0
SAMEA110189670,PGR_spring,0
SAMEA110189196,PGR_spring,0
SAMEA110189197,PGR_spring,0
SAMEA110189198,PGR_spring,0
SAMEA6618887,PGR_spring,0
SAMEA110189221,PGR_spring,0
SAMEA110189285,PGR_spring,0
SAMEA110189420,PGR_spring,0
SAMEA110189275,PGR_spring,0
SAMEA110189545,PGR_spring,4
SAMEA110189479,PGR_spring,4
SAMEA110189574,PGR_spring,0
SAMEA110189609,PGR_spring,4
SAMEA110189583,PGR_spring,4
SAMEA110189575,PGR_spring,4
SAMEA110189568,PGR_spring,0
SAMEA110189610,PGR_spring,4
SAMEA6618886,PGR_spring,-1
SAMEA110189623,PGR_spring,4
SAMEA110189633,PGR_spring,0
SAMEA110189569,PGR_spring,0
SAMEA110189467,PGR_spring,0
SAMEA110189250,PGR_spring,3
SAMEA110189251,PGR_spring,0
SAMEA110189268,PGR_spring,3
SAMEA110189269,PGR_spring,0
SAMEA110189270,PGR_spring,0
SAMEA6618885,PGR_spring,3
SAMEA110189271,PGR_spring,0
SAMEA110189252,PGR_spring,0
SAMEA110189253,PGR_spring,0
SAMEA6435264,PGR_spring,0
SAMEA110189254,PGR_spring,0
SAMEA110189255,PGR_spring,3
SAMEA110189422,PGR_spring,0
SAMEA110189272,PGR_spring,0
SAMEA110189468,PGR_spring,4
SAMEA110189521,PGR_spring,4
SAMEA110189469,PGR_spring,4
SAMEA110189523,PGR_spring,4
SAMEA6618884,PGR_spring,4
SAMEA110189526,PGR_spring,2
SAMEA110189471,PGR_spring,2
SAMEA110189472,PGR_spring,4
SAMEA110189473,PGR_spring,4
SAMEA110189474,PGR_spring,2
SAMEA110189539,PGR_spring,-1
SAMEA110189558,PGR_spring,0
SAMEA110189222,PGR_spring,0
SAMEA110189223,PGR_spring,0
SAMEA110189559,PGR_spring,0
SAMEA6618879,PGR_spring,2
SAMEA110189530,PGR_spring,-1
SAMEA110189536,PGR_spring,-1
SAMEA110189537,PGR_spring,-1
SAMEA110189278,PGR_spring,0
SAMEA110189284,PGR_spring,0
SAMEA110189543,PGR_spring,-1
SAMEA110189308,PGR_spring,0
SAMEA6618878,PGR_spring,0
SAMEA110189376,PGR_spring,0
SAMEA110189201,PGR_spring,0
SAMEA110189703,PGR_spring,0
SAMEA110189225,PGR_spring,0
SAMEA110189298,PGR_spring,3
SAMEA6435265,PGR_spring,-1
SAMEA110189300,PGR_spring,0
SAMEA110189427,PGR_spring,0
SAMEA110189535,PGR_spring,0
SAMEA110189202,PGR_spring,0
SAMEA6618875,PGR_spring,0
SAMEA110189273,PGR_spring,0
SAMEA110189378,PGR_spring,0
SAMEA110189203,PGR_spring,0
SAMEA6618874,PGR_spring,2
SAMEA110189531,PGR_spring,0
SAMEA110189429,PGR_spring,0
SAMEA110189311,PGR_spring,0
SAMEA110189312,PGR_spring,0
SAMEA110189680,PGR_spring,0
SAMEA110189476,PGR_spring,0
SAMEA110189494,PGR_spring,0
SAMEA110189259,PGR_spring,0
SAMEA110189686,PGR_spring,0
SAMEA110189687,PGR_spring,0
SAMEA110189681,PGR_spring,0
SAMEA110189607,PGR_spring,2
SAMEA110189533,PGR_winter,0
SAMEA110189319,PGR_winter,0
SAMEA110189587,PGR_winter,0
SAMEA6618818,PGR_winter,0
SAMEA110189163,PGR_winter,0
SAMEA6618819,PGR_winter,0
SAMEA110189690,PGR_winter,0
SAMEA110189320,PGR_winter,0
SAMEA110189589,PGR_winter,0
SAMEA110189692,PGR_winter,0
SAMEA110189689,PGR_winter,0
SAMEA110189436,PGR_winter,0
SAMEA110189437,PGR_winter,0
SAMEA6618820,PGR_winter,0
SAMEA110189651,PGR_winter,0
SAMEA6618821,PGR_winter,0
SAMEA110189495,PGR_winter,0
SAMEA110189438,PGR_winter,0
SAMEA110189695,PGR_winter,2
SAMEA110189439,PGR_winter,0
SAMEA110189647,PGR_winter,0
SAMEA110189657,PGR_winter,0
SAMEA110189648,PGR_winter,0
SAMEA110189167,PGR_winter,0
SAMEA110189168,PGR_winter,0
SAMEA110189169,PGR_winter,0
SAMEA6618822,PGR_winter,0
SAMEA110189324,PGR_winter,0
SAMEA110189656,PGR_winter,0
SAMEA6618823,PGR_winter,0
SAMEA110189634,PGR_winter,0
SAMEA110189639,PGR_winter,0
SAMEA6618824,PGR_winter,0
SAMEA110189326,PGR_winter,0
SAMEA110189170,PGR_winter,0
SAMEA110189295,PGR_winter,3
SAMEA110189171,PGR_winter,0
SAMEA110189705,PGR_winter,0
SAMEA110189328,PGR_winter,0
SAMEA110189635,PGR_winter,0
SAMEA110189329,PGR_winter,0
SAMEA110189636,PGR_winter,0
SAMEA110189649,PGR_winter,0
SAMEA110189332,PGR_winter,2
SAMEA110189655,PGR_winter,0
SAMEA110189440,PGR_winter,0
SAMEA110189441,PGR_winter,0
SAMEA6618825,PGR_winter,2
SAMEA6618826,PGR_winter,2
SAMEA110189083,PGR_winter,0
SAMEA110189334,PGR_winter,0
SAMEA110189442,PGR_winter,2
SAMEA110189085,PGR_winter,-1
SAMEA6618827,PGR_winter,1
SAMEA110189430,PGR_winter,2
SAMEA110189431,PGR_winter,2
SAMEA110189490,PGR_winter,-1
SAMEA110189615,PGR_winter,-1
SAMEA110189624,PGR_winter,2
SAMEA110189598,PGR_winter,0
SAMEA6618828,PGR_winter,2
SAMEA6619024,PGR_winter,2
SAMEA110189599,PGR_winter,2
SAMEA110189432,PGR_winter,0
SAMEA110189443,PGR_winter,2
SAMEA110189632,PGR_winter,2
SAMEA110189444,PGR_winter,2
SAMEA6618829,PGR_winter,0
SAMEA110189600,PGR_winter,0
SAMEA110189613,PGR_winter,0
SAMEA110189291,PGR_winter,0
SAMEA6618830,PGR_winter,0
SAMEA6618831,PGR_winter,0
SAMEA6618832,PGR_winter,0
SAMEA110189606,PGR_winter,0
SAMEA110189292,PGR_winter,0
SAMEA110189293,PGR_winter,0
SAMEA110189258,PGR_winter,0
SAMEA110189256,PGR_winter,0
SAMEA110189481,PGR_winter,0
SAMEA110189576,PGR_winter,0
SAMEA110189228,PGR_winter,0
SAMEA110189286,PGR_winter,0
SAMEA110189720,PGR_winter,3
SAMEA110189596,PGR_winter,0
SAMEA110189597,PGR_winter,0
SAMEA110189616,PGR_winter,-1
SAMEA6618833,PGR_winter,0
SAMEA110189287,PGR_winter,0
SAMEA110189335,PGR_winter,2
SAMEA6618834,PGR_winter,2
SAMEA110189336,PGR_winter,2
SAMEA110189174,PGR_winter,0
SAMEA6618835,PGR_winter,0
SAMEA110189572,PGR_winter,0
SAMEA110189175,PGR_winter,-1
SAMEA6618836,PGR_winter,2
SAMEA110188993,PGR_winter,0
SAMEA110189262,PGR_winter,-1
SAMEA110189232,PGR_winter,3
SAMEA110189339,PGR_winter,0
SAMEA110189233,PGR_winter,3
SAMEA6618837,PGR_winter,0
SAMEA110189706,PGR_winter,0
SAMEA6618838,PGR_winter,0
SAMEA110189448,PGR_winter,0
SAMEA110189176,PGR_winter,0
SAMEA110189177,PGR_winter,0
SAMEA110189500,PGR_winter,0
SAMEA110189341,PGR_winter,0
SAMEA110189342,PGR_winter,0
SAMEA110189179,PGR_winter,0
SAMEA110189159,PGR_winter,0
SAMEA6618839,PGR_winter,0
SAMEA110189343,PGR_winter,0
SAMEA110189344,PGR_winter,0
SAMEA110189345,PGR_winter,0
SAMEA110189346,PGR_winter,0
SAMEA110189347,PGR_winter,0
SAMEA110189502,PGR_winter,1
SAMEA6618840,PGR_winter,0
SAMEA110189380,PGR_winter,0
SAMEA110189381,PGR_winter,0
SAMEA110189348,PGR_winter,0
SAMEA110189349,PGR_winter,0
SAMEA110189350,PGR_winter,0
SAMEA110188965,PGR_winter,0
SAMEA110188966,PGR_winter,0
SAMEA110188937,PGR_winter,0
SAMEA110188938,PGR_winter,0
SAMEA110188939,PGR_winter,0
SAMEA110188967,PGR_winter,0
SAMEA6618841,PGR_winter,0
SAMEA110189103,PGR_winter,0
SAMEA110189023,PGR_winter,0
SAMEA110188968,PGR_winter,0
SAMEA110189580,PGR_winter,2
SAMEA110189644,PGR_winter,0
SAMEA110189106,PGR_winter,0
SAMEA110188943,PGR_winter,0
SAMEA110189110,PGR_winter,0
SAMEA110188945,PGR_winter,0
SAMEA110189162,PGR_winter,2
SAMEA110189039,PGR_winter,0
SAMEA110189112,PGR_winter,0
SAMEA110189113,PGR_winter,0
SAMEA110189114,PGR_winter,1
SAMEA110188946,PGR_winter,0
SAMEA110189043,PGR_winter,2
SAMEA110189115,PGR_winter,1
SAMEA110189045,PGR_winter,0
SAMEA110188948,PGR_winter,0
SAMEA110188949,PGR_winter,0
SAMEA110189116,PGR_winter,0
SAMEA110189117,PGR_winter,0
SAMEA110189384,PGR_winter,0
SAMEA110189119,PGR_winter,0
SAMEA110189046,PGR_winter,0
SAMEA6618843,PGR_winter,2
SAMEA110188974,PGR_winter,0
SAMEA110189120,PGR_winter,0
SAMEA110188976,PGR_winter,0
SAMEA110189048,PGR_winter,0
SAMEA110189049,PGR_winter,0
SAMEA110189503,PGR_winter,0
SAMEA110188977,PGR_winter,0
SAMEA110189121,PGR_winter,0
SAMEA6618844,PGR_winter,0
SAMEA110188978,PGR_winter,0
SAMEA110189352,PGR_winter,0
SAMEA110188951,PGR_winter,0
SAMEA110188952,PGR_winter,0
SAMEA6618845,PGR_winter,0
SAMEA110189131,PGR_winter,0
SAMEA110189056,PGR_winter,0
SAMEA110189058,PGR_winter,0
SAMEA110189060,PGR_winter,0
SAMEA110189134,PGR_winter,0
SAMEA110189062,PGR_winter,0
SAMEA110189063,PGR_winter,0
SAMEA6618948,PGR_winter,0
SAMEA110189135,PGR_winter,0
SAMEA110189136,PGR_winter,0
SAMEA110189137,PGR_winter,0
SAMEA6618846,PGR_winter,0
SAMEA110189064,PGR_winter,0
SAMEA110189138,PGR_winter,0
SAMEA110188954,PGR_winter,0
SAMEA110189066,PGR_winter,0
SAMEA110189141,PGR_winter,0
SAMEA110189067,PGR_winter,0
SAMEA110189068,PGR_winter,0
SAMEA110189069,PGR_winter,0
SAMEA110189144,PGR_winter,0
SAMEA110188988,PGR_winter,0
SAMEA110188989,PGR_winter,0
SAMEA110188957,PGR_winter,0
SAMEA110188990,PGR_winter,0
SAMEA110189147,PGR_winter,0
SAMEA110189148,PGR_winter,0
SAMEA110188958,PGR_winter,0
SAMEA110189074,PGR_winter,1
SAMEA6618847,PGR_winter,1
SAMEA6618848,PGR_winter,0
SAMEA6435260,PGR_winter,-1
SAMEA110189721,PGR_winter,2
SAMEA6618849,PGR_winter,0
SAMEA110189387,PGR_winter,0
SAMEA110189210,PGR_winter,0
SAMEA110189388,PGR_winter,0
SAMEA6618850,PGR_winter,0
SAMEA6618851,PGR_winter,0
SAMEA110189391,PGR_winter,0
SAMEA110189357,PGR_winter,0
SAMEA110189398,PGR_winter,0
SAMEA110189359,PGR_winter,0
SAMEA110189400,PGR_winter,0
SAMEA110189401,PGR_winter,0
SAMEA110189362,PGR_winter,0
SAMEA6435261,PGR_winter,0
SAMEA6618852,PGR_winter,0
SAMEA110189363,PGR_winter,0
SAMEA110189364,PGR_winter,0
SAMEA6618853,PGR_winter,0
SAMEA110189365,PGR_winter,0
SAMEA110189366,PGR_winter,0
SAMEA110189367,PGR_winter,2
SAMEA6618854,PGR_winter,0
SAMEA6618921,PGR_winter,0
SAMEA110189368,PGR_winter,0
SAMEA110189402,PGR_winter,0
SAMEA6618855,PGR_winter,0
SAMEA6618856,PGR_winter,0
SAMEA110189404,PGR_winter,0
SAMEA110189214,PGR_winter,0
SAMEA110189581,PGR_winter,0
SAMEA6618857,PGR_winter,0
SAMEA6618858,PGR_winter,0
SAMEA6618859,PGR_winter,0
SAMEA110189510,PGR_winter,0
SAMEA110189405,PGR_winter,2
SAMEA110189410,PGR_winter,3
SAMEA110189512,PGR_winter,0
SAMEA6618860,PGR_winter,3
SAMEA6618861,PGR_winter,0
SAMEA6618862,PGR_winter,0
SAMEA110189514,PGR_winter,0
SAMEA110189458,PGR_winter,0
SAMEA6618863,PGR_winter,0
SAMEA110189277,PGR_winter,3
SAMEA110189555,PGR_winter,0
SAMEA110189614,PGR_winter,0
SAMEA110189412,PGR_winter,0
SAMEA110189483,PGR_winter,0
SAMEA6618864,PGR_winter,0
SAMEA110189590,PGR_winter,0
SAMEA110189190,PGR_winter,0
SAMEA110189415,PGR_winter,0
SAMEA6618865,PGR_winter,0
SAMEA110189372,PGR_winter,0
SAMEA110189416,PGR_winter,0
SAMEA110189417,PGR_winter,0
SAMEA110189373,PGR_winter,0
SAMEA6618866,PGR_winter,0
SAMEA110189666,PGR_winter,1
SAMEA110189667,PGR_winter,0
SAMEA110189668,PGR_winter,0
SAMEA110189374,PGR_winter,0
SAMEA110189375,PGR_winter,0
SAMEA110189492,PGR_winter,0
SAMEA110189423,PGR_winter,0
SAMEA110189480,PGR_winter,0
SAMEA6618867,PGR_winter,2
SAMEA110189722,PGR_winter,-1
SAMEA6618868,PGR_winter,0
SAMEA110189200,PGR_winter,-1
SAMEA110189425,PGR_winter,0
SAMEA110189224,PGR_winter,0
SAMEA110189377,PGR_winter,0
SAMEA110189673,PGR_winter,0
SAMEA6618869,PGR_winter,0
SAMEA110189674,PGR_winter,0
SAMEA110189493,PGR_winter,0
SAMEA110189426,PGR_winter,2
SAMEA110189428,PGR_winter,2
SAMEA110189557,PGR_winter,0
SAMEA110189570,PGR_winter,0
SAMEA6618870,PGR_winter,0
