run_name,trait,model,r2_mean,r2_std,rmse_mean,rmse_std
10_pca20_svr_-_estructura_unificada_+_nested_cv_5x3,blumeria_graminis,svr_linear,0.3579895148685473,0.29789296919039554,0.9169582499398052,0.2125888456500835
10_pca20_svr_-_estructura_unificada_+_nested_cv_5x3,blumeria_graminis,svr_rbf,0.5282995702478395,0.005375037649410702,0.7981462384604807,0.027791898142831787
10_pca20_svr_-_estructura_unificada_+_nested_cv_5x3,heading_date,svr_linear,0.5268624003880212,0.07098235071009303,21.71653158816057,1.7802197258899584
10_pca20_svr_-_estructura_unificada_+_nested_cv_5x3,heading_date,svr_rbf,0.5930541255826649,0.08298270285165733,20.100720798762012,2.307788465682001
10_pca20_svr_-_estructura_unificada_+_nested_cv_5x3,lodging,svr_linear,0.7184183185351996,0.03321419614036225,0.8351968249307964,0.026765792701654058
10_pca20_svr_-_estructura_unificada_+_nested_cv_5x3,lodging,svr_rbf,0.7566331746052718,0.03747445873905499,0.7755403957688076,0.03995303218631396
10_pca20_svr_-_estructura_unificada_+_nested_cv_5x3,plant_height,svr_linear,0.5545342165678198,0.0407795878956039,9.501792837049809,0.6243154846281206
10_pca20_svr_-_estructura_unificada_+_nested_cv_5x3,plant_height,svr_rbf,0.6200494380909201,0.04409751214576587,8.77433431019376,0.7098336013857235
10_pca20_svr_-_estructura_unificada_+_nested_cv_5x3,puccinia_hordei,svr_linear,0.3145861795542263,0.1755723696835435,0.9747860916370261,0.11025711962604912
10_pca20_svr_-_estructura_unificada_+_nested_cv_5x3,puccinia_hordei,svr_rbf,0.488188935156676,0.06022669898958399,0.8466877547242037,0.051702842894546436
10_pca20_svr_-_estructura_unificada_+_nested_cv_5x3,ramularia_collo_cygni,svr_linear,-0.05377911156334224,0.3152129666442674,1.1405815660967715,0.17811236218765267
10_pca20_svr_-_estructura_unificada_+_nested_cv_5x3,ramularia_collo_cygni,svr_rbf,0.12663378481405096,0.06214835519831336,1.045370779061671,0.057314808820557804
10_pca20_svr_-_estructura_unificada_+_nested_cv_5x3,rhynchosporium,svr_linear,0.012930315207399262,0.03489641423688161,0.8959498586835297,0.13815389297840505
10_pca20_svr_-_estructura_unificada_+_nested_cv_5x3,rhynchosporium,svr_rbf,0.00768737532338048,0.034840649407157864,0.8980359359959091,0.13537562383456794
11_pca50_svr_-_estructura_unificada_+_nested_cv_5x3,blumeria_graminis,svr_linear,0.398326209551448,0.15834538034859777,0.8960791426785002,0.12700875307022844
11_pca50_svr_-_estructura_unificada_+_nested_cv_5x3,blumeria_graminis,svr_rbf,0.5304134731517498,0.030341697322436106,0.7962140987472356,0.0417373601639509
11_pca50_svr_-_estructura_unificada_+_nested_cv_5x3,heading_date,svr_linear,0.5775958415574896,0.08526540336760442,20.48850133368805,2.263749358974501
11_pca50_svr_-_estructura_unificada_+_nested_cv_5x3,heading_date,svr_rbf,0.5994292304468949,0.07572904381755743,19.95583371570974,2.1069708903801567
11_pca50_svr_-_estructura_unificada_+_nested_cv_5x3,lodging,svr_linear,0.6987925984839818,0.06184253520156998,0.8639672946852637,0.10370247818799298
11_pca50_svr_-_estructura_unificada_+_nested_cv_5x3,lodging,svr_rbf,0.7475791174164902,0.032944422934338836,0.7905152575955354,0.027494161962960287
11_pca50_svr_-_estructura_unificada_+_nested_cv_5x3,plant_height,svr_linear,0.5965589660812582,0.037806957243158974,9.042929928438744,0.6094444964811613
11_pca50_svr_-_estructura_unificada_+_nested_cv_5x3,plant_height,svr_rbf,0.6166967421575092,0.04303074461801839,8.808004790581116,0.6076179365153608
11_pca50_svr_-_estructura_unificada_+_nested_cv_5x3,puccinia_hordei,svr_linear,0.22307503430675987,0.352893280232185,1.0256315825272728,0.20585688834350288
11_pca50_svr_-_estructura_unificada_+_nested_cv_5x3,puccinia_hordei,svr_rbf,0.49572743192112956,0.04692772606204476,0.8412397635568316,0.05040753067491642
11_pca50_svr_-_estructura_unificada_+_nested_cv_5x3,ramularia_collo_cygni,svr_linear,-0.009287348503822596,0.1400807301081657,1.1222737520502712,0.09297697496989737
11_pca50_svr_-_estructura_unificada_+_nested_cv_5x3,ramularia_collo_cygni,svr_rbf,0.08517386753689929,0.057256050773856246,1.0698581719209084,0.051932285337960515
11_pca50_svr_-_estructura_unificada_+_nested_cv_5x3,rhynchosporium,svr_linear,0.017734222400922962,0.053150772058943606,0.8939777639743932,0.14171607665732242
11_pca50_svr_-_estructura_unificada_+_nested_cv_5x3,rhynchosporium,svr_rbf,0.00810589573726992,0.04811118618402372,0.8991891606636362,0.14955616889508905
20_pca20_tree_-_estructura_unificada_+_nested_cv_5x3,blumeria_graminis,decision_tree,0.455377465024238,0.04238714200329899,0.8573592266576071,0.049757075364843736
20_pca20_tree_-_estructura_unificada_+_nested_cv_5x3,heading_date,decision_tree,0.4791789343277938,0.07113925944394597,22.792838891352204,1.7169048796451885
20_pca20_tree_-_estructura_unificada_+_nested_cv_5x3,lodging,decision_tree,0.643659060562911,0.054872269985837885,0.9383029739552577,0.04272727958761145
20_pca20_tree_-_estructura_unificada_+_nested_cv_5x3,plant_height,decision_tree,0.4928995787162683,0.01821972130143033,10.137687484559454,0.228300846584314
20_pca20_tree_-_estructura_unificada_+_nested_cv_5x3,puccinia_hordei,decision_tree,0.38495803734794887,0.0678437072463258,0.9278815864102707,0.042805769952589896
20_pca20_tree_-_estructura_unificada_+_nested_cv_5x3,ramularia_collo_cygni,decision_tree,0.009331653319795661,0.08423682425569178,1.1132310548981628,0.06816910783664352
20_pca20_tree_-_estructura_unificada_+_nested_cv_5x3,rhynchosporium,decision_tree,-0.055431947482935416,0.09792136896314309,0.9240154341970708,0.12971050965360534
21_pca50_tree_-_estructura_unificada_+_nested_cv_5x3,blumeria_graminis,decision_tree,0.456613321746483,0.039493044502892184,0.8559163764214848,0.03407628726498636
21_pca50_tree_-_estructura_unificada_+_nested_cv_5x3,heading_date,decision_tree,0.44548877528594727,0.08307483901297227,23.51297529747996,1.9672507912788453
21_pca50_tree_-_estructura_unificada_+_nested_cv_5x3,lodging,decision_tree,0.6439328181564632,0.05294292353650285,0.9379352495342859,0.0333634851194592
21_pca50_tree_-_estructura_unificada_+_nested_cv_5x3,plant_height,decision_tree,0.45821481878096365,0.02081692039710315,10.48243351313521,0.4065479265021815
21_pca50_tree_-_estructura_unificada_+_nested_cv_5x3,puccinia_hordei,decision_tree,0.34472754979080344,0.06255810790369798,0.958530579645412,0.05064890295365164
21_pca50_tree_-_estructura_unificada_+_nested_cv_5x3,ramularia_collo_cygni,decision_tree,0.011505351736906146,0.04140424624503397,1.112219968476099,0.04384179978118429
21_pca50_tree_-_estructura_unificada_+_nested_cv_5x3,rhynchosporium,decision_tree,-0.020250903794047842,0.04035545203866136,0.9123858192133081,0.1521010537292968
40_pca20_ensemble_-_estructura_unificada_+_nested_cv_5x3,blumeria_graminis,adaboost,0.5043916637784029,0.03282782824510141,0.8178117998817676,0.039604826088422626
40_pca20_ensemble_-_estructura_unificada_+_nested_cv_5x3,blumeria_graminis,gradient_boosting,0.5190972848140233,0.025618973030125437,0.8057457204377361,0.03661096299424178
40_pca20_ensemble_-_estructura_unificada_+_nested_cv_5x3,blumeria_graminis,random_forest,0.522934459102924,0.011156742269496608,0.802574670135626,0.02668715869280072
40_pca20_ensemble_-_estructura_unificada_+_nested_cv_5x3,heading_date,adaboost,0.5311891836041415,0.01995492821204316,21.656786309984508,0.6766870337051345
40_pca20_ensemble_-_estructura_unificada_+_nested_cv_5x3,heading_date,gradient_boosting,0.6110333430199043,0.07521968610329283,19.65914191581027,2.0717777724782307
40_pca20_ensemble_-_estructura_unificada_+_nested_cv_5x3,heading_date,random_forest,0.6177153155743095,0.07342590976534788,19.493068521267837,2.0661145306185467
40_pca20_ensemble_-_estructura_unificada_+_nested_cv_5x3,lodging,adaboost,0.7211327829068562,0.01646283013787531,0.8331746450104841,0.03139409259669124
40_pca20_ensemble_-_estructura_unificada_+_nested_cv_5x3,lodging,gradient_boosting,0.7516038438402975,0.027715120674224207,0.7844440619273898,0.01613015038159332
40_pca20_ensemble_-_estructura_unificada_+_nested_cv_5x3,lodging,random_forest,0.7586740490871346,0.024137787769108007,0.7736498424886253,0.015533552723825974
40_pca20_ensemble_-_estructura_unificada_+_nested_cv_5x3,plant_height,adaboost,0.547661086626033,0.015223764550211781,9.579465935591548,0.3919722412181459
40_pca20_ensemble_-_estructura_unificada_+_nested_cv_5x3,plant_height,gradient_boosting,0.617302137189444,0.01579867463766864,8.807474859821344,0.2634362041483999
40_pca20_ensemble_-_estructura_unificada_+_nested_cv_5x3,plant_height,random_forest,0.6249617374122155,0.016794698605145354,8.721653561289177,0.3785769038596563
40_pca20_ensemble_-_estructura_unificada_+_nested_cv_5x3,puccinia_hordei,adaboost,0.42664257769476943,0.04345588305248248,0.8970422188373257,0.04385223516117776
40_pca20_ensemble_-_estructura_unificada_+_nested_cv_5x3,puccinia_hordei,gradient_boosting,0.47394284563925543,0.05114902580005277,0.8590830734510497,0.052598207503591836
40_pca20_ensemble_-_estructura_unificada_+_nested_cv_5x3,puccinia_hordei,random_forest,0.4872073533513771,0.059289165012089466,0.8478197086842576,0.05806097108526697
40_pca20_ensemble_-_estructura_unificada_+_nested_cv_5x3,ramularia_collo_cygni,adaboost,0.08324014003837607,0.05695563128775318,1.0711072048202752,0.05455990580419996
40_pca20_ensemble_-_estructura_unificada_+_nested_cv_5x3,ramularia_collo_cygni,gradient_boosting,0.11009509648729487,0.06387940467052336,1.0552625370624409,0.05887178580144401
40_pca20_ensemble_-_estructura_unificada_+_nested_cv_5x3,ramularia_collo_cygni,random_forest,0.11193108029997845,0.08509056877135628,1.0538893082074068,0.06995463415872934
40_pca20_ensemble_-_estructura_unificada_+_nested_cv_5x3,rhynchosporium,adaboost,-0.07683397084944556,0.1461667473945226,0.9291711503561793,0.11078445496347442
40_pca20_ensemble_-_estructura_unificada_+_nested_cv_5x3,rhynchosporium,gradient_boosting,0.021526911492981842,0.05471730073810778,0.8918319720581774,0.13735146064611625
40_pca20_ensemble_-_estructura_unificada_+_nested_cv_5x3,rhynchosporium,random_forest,0.006745517332314761,0.0866374915162893,0.8979525520308933,0.13933096423069474
40_pca50_ensemble_-_estructura_unificada_+_nested_cv_5x3,blumeria_graminis,adaboost,0.508641510145474,0.03533767106809998,0.8142083525321236,0.040651114978328184
40_pca50_ensemble_-_estructura_unificada_+_nested_cv_5x3,blumeria_graminis,gradient_boosting,0.5214441887210359,0.02562918035891953,0.8039007174678738,0.040036248771492776
40_pca50_ensemble_-_estructura_unificada_+_nested_cv_5x3,blumeria_graminis,random_forest,0.5346318787547191,0.01913433013493448,0.7927305135496702,0.03409812133017844
40_pca50_ensemble_-_estructura_unificada_+_nested_cv_5x3,heading_date,adaboost,0.5481013007487844,0.03486871178019977,21.253772584238327,0.9621534798671536
40_pca50_ensemble_-_estructura_unificada_+_nested_cv_5x3,heading_date,gradient_boosting,0.6136468821660287,0.07862287069857132,19.58468934718755,2.168480407917469
40_pca50_ensemble_-_estructura_unificada_+_nested_cv_5x3,heading_date,random_forest,0.6110941469075856,0.07263896027253915,19.664567687542473,2.0322951524507245
40_pca50_ensemble_-_estructura_unificada_+_nested_cv_5x3,lodging,adaboost,0.7207666646172928,0.011367212069105579,0.8339988708515296,0.030236308176802246
40_pca50_ensemble_-_estructura_unificada_+_nested_cv_5x3,lodging,gradient_boosting,0.7573268625503056,0.02401173587886118,0.7757917713672813,0.012042159001701955
40_pca50_ensemble_-_estructura_unificada_+_nested_cv_5x3,lodging,random_forest,0.7594964962247522,0.02111112820291143,0.7728105913530992,0.018067127696236196
40_pca50_ensemble_-_estructura_unificada_+_nested_cv_5x3,plant_height,adaboost,0.5399126557204106,0.027461611748407513,9.652561016223094,0.23851237301607736
40_pca50_ensemble_-_estructura_unificada_+_nested_cv_5x3,plant_height,gradient_boosting,0.6250713128332714,0.014522797054514194,8.719868979932183,0.33514581104744323
40_pca50_ensemble_-_estructura_unificada_+_nested_cv_5x3,plant_height,random_forest,0.6271841053334964,0.019580634057772068,8.695332706257194,0.4038244455889936
40_pca50_ensemble_-_estructura_unificada_+_nested_cv_5x3,puccinia_hordei,adaboost,0.44260349990070313,0.03724172657162792,0.8844874353812042,0.03690761153799127
40_pca50_ensemble_-_estructura_unificada_+_nested_cv_5x3,puccinia_hordei,gradient_boosting,0.5145560624141379,0.0466999249686508,0.8251366397411234,0.046528995119859425
40_pca50_ensemble_-_estructura_unificada_+_nested_cv_5x3,puccinia_hordei,random_forest,0.5095409098721981,0.0528882164761868,0.8293000942870975,0.05375915620019373
40_pca50_ensemble_-_estructura_unificada_+_nested_cv_5x3,ramularia_collo_cygni,adaboost,0.061479940592262736,0.06604998320761404,1.0836234605170536,0.057743671236295514
40_pca50_ensemble_-_estructura_unificada_+_nested_cv_5x3,ramularia_collo_cygni,gradient_boosting,0.09864719311327744,0.06650116601779868,1.0619600805231522,0.059111628375367486
40_pca50_ensemble_-_estructura_unificada_+_nested_cv_5x3,ramularia_collo_cygni,random_forest,0.10289682439681982,0.07145540751836492,1.0594549017091164,0.06327893379589958
40_pca50_ensemble_-_estructura_unificada_+_nested_cv_5x3,rhynchosporium,adaboost,-0.026766620585285276,0.07792113410281239,0.9115100817403142,0.12770682498273178
40_pca50_ensemble_-_estructura_unificada_+_nested_cv_5x3,rhynchosporium,gradient_boosting,0.02030083874191972,0.05422806236913951,0.8938460099227494,0.14968984186932077
40_pca50_ensemble_-_estructura_unificada_+_nested_cv_5x3,rhynchosporium,random_forest,0.015582626400605537,0.06912473763310588,0.8951661527914643,0.14648406300266
45_pca20_blocks_-_estructura_unificada_+_nested_cv_5x3,blumeria_graminis,elasticnet,0.34187401722329963,0.3669671659892221,0.9224227355127045,0.2497880656125056
45_pca20_blocks_-_estructura_unificada_+_nested_cv_5x3,blumeria_graminis,ridge,0.1880919334958862,0.7110632758145431,0.9931048930400413,0.4073598750368801
45_pca20_blocks_-_estructura_unificada_+_nested_cv_5x3,blumeria_graminis,xgboost,0.5075586716971832,0.025665575488385953,0.8153690357490484,0.03674845841395528
45_pca20_blocks_-_estructura_unificada_+_nested_cv_5x3,heading_date,elasticnet,0.5627352876740834,0.0405754753878065,20.903814534867355,1.1439368969957886
45_pca20_blocks_-_estructura_unificada_+_nested_cv_5x3,heading_date,ridge,0.5604429462857645,0.04059542167576764,20.95817183260958,1.132319669497218
45_pca20_blocks_-_estructura_unificada_+_nested_cv_5x3,heading_date,xgboost,0.6153955646554677,0.07576809068995809,19.54727451393024,2.107308969177869
45_pca20_blocks_-_estructura_unificada_+_nested_cv_5x3,lodging,elasticnet,0.7046051376280976,0.031292396662781205,0.8587255867163567,0.08144959605970084
45_pca20_blocks_-_estructura_unificada_+_nested_cv_5x3,lodging,ridge,0.6771557274323552,0.058985232198293776,0.8949606002066929,0.09637158800699701
45_pca20_blocks_-_estructura_unificada_+_nested_cv_5x3,lodging,xgboost,0.7485972589366063,0.03036226981890249,0.7889373545868825,0.02510573000108731
45_pca20_blocks_-_estructura_unificada_+_nested_cv_5x3,plant_height,elasticnet,0.5657555520740661,0.03755430207829432,9.383686177316283,0.6223403935332615
45_pca20_blocks_-_estructura_unificada_+_nested_cv_5x3,plant_height,ridge,0.5630699907590053,0.03681388032933282,9.412496830807953,0.6082571260635131
45_pca20_blocks_-_estructura_unificada_+_nested_cv_5x3,plant_height,xgboost,0.6123358905032115,0.014911857361134442,8.865166504368071,0.2790157465426586
45_pca20_blocks_-_estructura_unificada_+_nested_cv_5x3,puccinia_hordei,elasticnet,0.4104868397293485,0.02845336535101267,0.909873662290887,0.033527333565337686
45_pca20_blocks_-_estructura_unificada_+_nested_cv_5x3,puccinia_hordei,ridge,0.3962460197131899,0.02410391552940287,0.9206528096653586,0.022542167452379375
45_pca20_blocks_-_estructura_unificada_+_nested_cv_5x3,puccinia_hordei,xgboost,0.45854792628956276,0.06670533704532274,0.87094916561132,0.059944241142657374
45_pca20_blocks_-_estructura_unificada_+_nested_cv_5x3,ramularia_collo_cygni,elasticnet,0.12394017457575887,0.028434498639057438,1.0471105453071305,0.0382906481342757
45_pca20_blocks_-_estructura_unificada_+_nested_cv_5x3,ramularia_collo_cygni,ridge,0.07221871699748592,0.08147446628585245,1.0767204900889609,0.05397751255703131
45_pca20_blocks_-_estructura_unificada_+_nested_cv_5x3,ramularia_collo_cygni,xgboost,0.0802280741560742,0.10410280549721605,1.0721647678881427,0.0783428121657985
45_pca20_blocks_-_estructura_unificada_+_nested_cv_5x3,rhynchosporium,elasticnet,0.031376710489838276,0.05045308033744947,0.8871474230634104,0.13572229094446
45_pca20_blocks_-_estructura_unificada_+_nested_cv_5x3,rhynchosporium,ridge,0.03527971099814656,0.044058412195245596,0.8857816853036381,0.13794318675258554
45_pca20_blocks_-_estructura_unificada_+_nested_cv_5x3,rhynchosporium,xgboost,-0.016551944485201822,0.07806400856261198,0.9093953660327152,0.14583083187703308
45_pca50_blocks_-_estructura_unificada_+_nested_cv_5x3,blumeria_graminis,elasticnet,0.5251097833492134,0.021297622339818825,0.8007807459412349,0.035258355215865185
45_pca50_blocks_-_estructura_unificada_+_nested_cv_5x3,blumeria_graminis,ridge,0.5197895993036237,0.022460620798705422,0.8053071092253201,0.037742733966082076
45_pca50_blocks_-_estructura_unificada_+_nested_cv_5x3,blumeria_graminis,xgboost,0.504938704868937,0.021141836278762836,0.8175340908278912,0.03300387081539559
45_pca50_blocks_-_estructura_unificada_+_nested_cv_5x3,heading_date,elasticnet,0.5930078815281575,0.06294909395251409,20.140399033302025,1.7601405839404136
45_pca50_blocks_-_estructura_unificada_+_nested_cv_5x3,heading_date,ridge,0.5911194853435499,0.06088063621686682,20.19046824104137,1.7096850675232667
45_pca50_blocks_-_estructura_unificada_+_nested_cv_5x3,heading_date,xgboost,0.6033072864963287,0.07326582960298056,19.861670113928685,2.0204703273830034
45_pca50_blocks_-_estructura_unificada_+_nested_cv_5x3,lodging,elasticnet,0.7425100094091394,0.0284143488034139,0.7992648340005749,0.0308304327984192
45_pca50_blocks_-_estructura_unificada_+_nested_cv_5x3,lodging,ridge,0.71649182048948,0.08770124218079488,0.831695758040859,0.10390379586589651
45_pca50_blocks_-_estructura_unificada_+_nested_cv_5x3,lodging,xgboost,0.750750383790904,0.03109306005898123,0.7854382132982991,0.020712365022970303
45_pca50_blocks_-_estructura_unificada_+_nested_cv_5x3,plant_height,elasticnet,0.6007976439736921,0.04134046994124886,8.993393132900337,0.6322552348001799
45_pca50_blocks_-_estructura_unificada_+_nested_cv_5x3,plant_height,ridge,0.5957635020214638,0.04006078471025067,9.050084850144852,0.6097528529364789
45_pca50_blocks_-_estructura_unificada_+_nested_cv_5x3,plant_height,xgboost,0.6175043098617242,0.02839601408332426,8.800931586119535,0.344549375031302
45_pca50_blocks_-_estructura_unificada_+_nested_cv_5x3,puccinia_hordei,elasticnet,0.4499238619763922,0.04841822784802971,0.8784738640647849,0.04696975609137248
45_pca50_blocks_-_estructura_unificada_+_nested_cv_5x3,puccinia_hordei,ridge,0.4287213225809154,0.03767438485096664,0.8954904379618622,0.03752266464354484
45_pca50_blocks_-_estructura_unificada_+_nested_cv_5x3,puccinia_hordei,xgboost,0.4935375663805816,0.04876174725841569,0.842888672335043,0.04961788308870298
45_pca50_blocks_-_estructura_unificada_+_nested_cv_5x3,ramularia_collo_cygni,elasticnet,0.11845871376921244,0.04254055833798322,1.0503022996960716,0.044391363398435336
45_pca50_blocks_-_estructura_unificada_+_nested_cv_5x3,ramularia_collo_cygni,ridge,0.10864680774873418,0.06975204059846919,1.0561190462974608,0.06363187372606453
45_pca50_blocks_-_estructura_unificada_+_nested_cv_5x3,ramularia_collo_cygni,xgboost,0.05964412540383772,0.0926620304189358,1.0842786273839984,0.0709042420274441
45_pca50_blocks_-_estructura_unificada_+_nested_cv_5x3,rhynchosporium,elasticnet,0.027320971055474274,0.03535989123558489,0.8901193720225754,0.1428690960374893
45_pca50_blocks_-_estructura_unificada_+_nested_cv_5x3,rhynchosporium,ridge,0.03831313957983862,0.0232187311820208,0.8856066045807586,0.14480692220702565
45_pca50_blocks_-_estructura_unificada_+_nested_cv_5x3,rhynchosporium,xgboost,-0.019933990278693837,0.038875479755835746,0.9111442034899824,0.14408112268392362
