trait,model,run_pca20,run_pca50,pearson_pca20,pearson_pca50,r2_pca20,r2_pca50,rmse_pca20,rmse_pca50,delta_pearson_50_minus_20,delta_r2_50_minus_20,delta_rmse_50_minus_20,winner_pearson,winner_r2,winner_rmse
blumeria_graminis,ridge,45_pca20_blocks_-_estructura_unificada_+_nested_cv_5x3,45_pca50_blocks_-_estructura_unificada_+_nested_cv_5x3,0.5564634667737411,0.7222022976150219,0.1740202162859759,0.5204646481973667,1.05783315452491,0.8060143617471274,0.16573883084128072,0.34644443191139085,-0.25181879277778263,pca50,pca50,pca50
blumeria_graminis,elasticnet,45_pca20_blocks_-_estructura_unificada_+_nested_cv_5x3,45_pca50_blocks_-_estructura_unificada_+_nested_cv_5x3,0.6171768759741976,0.7275604907832016,0.3351046359219723,0.5259377823142577,0.9490937599461344,0.8014014751422804,0.11038361480900405,0.19083314639228538,-0.147692284803854,pca50,pca50,pca50
blumeria_graminis,svr_linear,10_pca20_svr_-_estructura_unificada_+_nested_cv_5x3,11_pca50_svr_-_estructura_unificada_+_nested_cv_5x3,0.6327387185382116,0.6604393824924182,0.3526805744828808,0.3977841177949279,0.9364655070895768,0.9032512433584576,0.02770066395420656,0.04510354331204708,-0.03321426373111913,pca50,pca50,pca50
blumeria_graminis,random_forest,40_pca20_ensemble_-_estructura_unificada_+_nested_cv_5x3,40_pca50_ensemble_-_estructura_unificada_+_nested_cv_5x3,0.7240541723135465,0.7317775274792232,0.5241282176305819,0.5354541804784856,0.8029295515140694,0.7933169685663618,0.007723355165676682,0.011325962847903659,-0.009612582947707615,pca50,pca50,pca50
blumeria_graminis,adaboost,40_pca20_ensemble_-_estructura_unificada_+_nested_cv_5x3,40_pca50_ensemble_-_estructura_unificada_+_nested_cv_5x3,0.7135583987116985,0.7161027178381586,0.5053979929289782,0.5096892973859932,0.8185786302032639,0.81501978617225,0.0025443191264601372,0.004291304457014977,-0.003558844031013919,pca50,pca50,pca50
blumeria_graminis,decision_tree,20_pca20_tree_-_estructura_unificada_+_nested_cv_5x3,21_pca50_tree_-_estructura_unificada_+_nested_cv_5x3,0.6766695403001488,0.6788036516425163,0.4559618660366428,0.4585627974540364,0.8585135157783017,0.856458871230544,0.0021341113423675173,0.0026009314173935927,-0.0020546445477577224,pca50,pca50,pca50
blumeria_graminis,gradient_boosting,40_pca20_ensemble_-_estructura_unificada_+_nested_cv_5x3,40_pca50_ensemble_-_estructura_unificada_+_nested_cv_5x3,0.7214742545331185,0.7225178857031189,0.519992755778615,0.52202983634668,0.8064108481988688,0.8046978840023855,0.001043631170000392,0.002037080568064953,-0.0017129641964832576,pca50,pca50,pca50
blumeria_graminis,svr_rbf,10_pca20_svr_-_estructura_unificada_+_nested_cv_5x3,11_pca50_svr_-_estructura_unificada_+_nested_cv_5x3,0.7286600238296017,0.7293312535338877,0.529325074231858,0.5310263491463185,0.7985332364094307,0.79708876345777,0.0006712297042860138,0.0017012749144604822,-0.0014444729516607246,pca50,pca50,pca50
blumeria_graminis,xgboost,45_pca20_blocks_-_estructura_unificada_+_nested_cv_5x3,45_pca50_blocks_-_estructura_unificada_+_nested_cv_5x3,0.7142553780819896,0.7126905788938733,0.5084715450047643,0.5060162388325118,0.8160312639935893,0.8180668640501375,-0.0015647991881162504,-0.002455306172252536,0.002035600056548237,pca20,pca20,pca20
heading_date,svr_linear,10_pca20_svr_-_estructura_unificada_+_nested_cv_5x3,11_pca50_svr_-_estructura_unificada_+_nested_cv_5x3,0.7460793719773648,0.7710226742580029,0.5304381298592047,0.5802172207800044,21.77482698065668,20.588305802778983,0.024943302280638013,0.049779090920799685,-1.1865211778776974,pca50,pca50,pca50
heading_date,ridge,45_pca20_blocks_-_estructura_unificada_+_nested_cv_5x3,45_pca50_blocks_-_estructura_unificada_+_nested_cv_5x3,0.751540274747138,0.7723263044448394,0.5639832563590161,0.5939679729499927,20.9826281678996,20.248294402655,0.02078602969770138,0.029984716590976568,-0.7343337652445996,pca50,pca50,pca50
heading_date,elasticnet,45_pca20_blocks_-_estructura_unificada_+_nested_cv_5x3,45_pca50_blocks_-_estructura_unificada_+_nested_cv_5x3,0.7530665278995361,0.7721664976234104,0.56621582402494,0.59582909227482,20.92883980080067,20.201835290904157,0.019099969723874288,0.029613268249879976,-0.7270045098965134,pca50,pca50,pca50
heading_date,adaboost,40_pca20_ensemble_-_estructura_unificada_+_nested_cv_5x3,40_pca50_ensemble_-_estructura_unificada_+_nested_cv_5x3,0.7428414656465581,0.7531005854158828,0.53515250713258,0.5519083083485339,21.665242153033976,21.27118803728596,0.010259119769324698,0.01675580121595388,-0.3940541157480162,pca50,pca50,pca50
heading_date,svr_rbf,10_pca20_svr_-_estructura_unificada_+_nested_cv_5x3,11_pca50_svr_-_estructura_unificada_+_nested_cv_5x3,0.7790985402831716,0.7811289864146505,0.5956453473675068,0.6020953451512892,20.206426866510853,20.04461923697692,0.002030446131478847,0.006449997783782302,-0.16180762953393213,pca50,pca50,pca50
heading_date,gradient_boosting,40_pca20_ensemble_-_estructura_unificada_+_nested_cv_5x3,40_pca50_ensemble_-_estructura_unificada_+_nested_cv_5x3,0.7835002847563028,0.7855202632593901,0.613851734432324,0.6164204418961926,19.746282469791527,19.68049548790525,0.0020199785030872164,0.0025687074638686136,-0.06578698188627641,pca50,pca50,pca50
heading_date,random_forest,40_pca20_ensemble_-_estructura_unificada_+_nested_cv_5x3,40_pca50_ensemble_-_estructura_unificada_+_nested_cv_5x3,0.7882798296254394,0.7854585710776255,0.6203096165365298,0.6137688136081796,19.58046944732811,19.748402497601656,-0.0028212585478138985,-0.006540802928350242,0.16793305027354677,pca20,pca20,pca20
heading_date,xgboost,45_pca20_blocks_-_estructura_unificada_+_nested_cv_5x3,45_pca50_blocks_-_estructura_unificada_+_nested_cv_5x3,0.7862197770934484,0.7786027302245537,0.6180776345626733,0.6060913391167213,19.63793629168321,19.94371530055511,-0.007617046868894639,-0.011986295445951978,0.30577900887189813,pca20,pca20,pca20
heading_date,decision_tree,20_pca20_tree_-_estructura_unificada_+_nested_cv_5x3,21_pca50_tree_-_estructura_unificada_+_nested_cv_5x3,0.7027383061978627,0.677979550131043,0.4831706642165162,0.4494156375252873,22.84451169580425,23.578720658265848,-0.024758756066819654,-0.03375502669122893,0.7342089624615973,pca20,pca20,pca20
lodging,elasticnet,45_pca20_blocks_-_estructura_unificada_+_nested_cv_5x3,45_pca50_blocks_-_estructura_unificada_+_nested_cv_5x3,0.8387979204515535,0.865532514196902,0.7035651221141899,0.7447274752654545,0.8618102242605281,0.7997403874628296,0.02673459374534848,0.0411623531512646,-0.06206983679769851,pca50,pca50,pca50
lodging,ridge,45_pca20_blocks_-_estructura_unificada_+_nested_cv_5x3,45_pca50_blocks_-_estructura_unificada_+_nested_cv_5x3,0.8231520684424132,0.8493579945850006,0.6773557173381006,0.7204728335289535,0.8991020310856362,0.8368719334398979,0.026205926142587432,0.0431171161908529,-0.06223009764573839,pca50,pca50,pca50
lodging,gradient_boosting,40_pca20_ensemble_-_estructura_unificada_+_nested_cv_5x3,40_pca50_ensemble_-_estructura_unificada_+_nested_cv_5x3,0.8685545162823342,0.8716635087967395,0.7543160121085932,0.7597407822326161,0.7845767213563047,0.77586653710282,0.0031089925144053288,0.005424770124022871,-0.008710184253484687,pca50,pca50,pca50
lodging,xgboost,45_pca20_blocks_-_estructura_unificada_+_nested_cv_5x3,45_pca50_blocks_-_estructura_unificada_+_nested_cv_5x3,0.8669355306451074,0.8681550432597918,0.7513761745150503,0.7536391976924317,0.7892568578135121,0.785656660737437,0.0012195126146843371,0.0022630231773813625,-0.0036001970760750623,pca50,pca50,pca50
lodging,decision_tree,20_pca20_tree_-_estructura_unificada_+_nested_cv_5x3,21_pca50_tree_-_estructura_unificada_+_nested_cv_5x3,0.807281948341925,0.8084048118788874,0.6480248146860629,0.6485276837611669,0.9390809162527196,0.9384098411836888,0.0011228635369623374,0.0005028690751039955,-0.0006710750690308576,pca50,pca50,pca50
lodging,adaboost,40_pca20_ensemble_-_estructura_unificada_+_nested_cv_5x3,40_pca50_ensemble_-_estructura_unificada_+_nested_cv_5x3,0.8537838860014734,0.8544527446735943,0.7226225752574889,0.7220969137118031,0.8336476835740154,0.8344372379318628,0.0006688586721209644,-0.0005256615456857849,0.000789554357847333,pca50,pca20,pca20
lodging,random_forest,40_pca20_ensemble_-_estructura_unificada_+_nested_cv_5x3,40_pca50_ensemble_-_estructura_unificada_+_nested_cv_5x3,0.8725729694930571,0.8732003826219472,0.7610346456390106,0.7615254722202864,0.7737745871963319,0.7729795255956527,0.0006274131288901419,0.0004908265812758605,-0.0007950616006791034,pca50,pca50,pca50
lodging,svr_rbf,10_pca20_svr_-_estructura_unificada_+_nested_cv_5x3,11_pca50_svr_-_estructura_unificada_+_nested_cv_5x3,0.8716079407730642,0.8662731176032064,0.7594330517798089,0.7503413588828953,0.776363253441289,0.790897664457907,-0.005334823169857894,-0.009091692896913584,0.01453441101661801,pca20,pca20,pca20
lodging,svr_linear,10_pca20_svr_-_estructura_unificada_+_nested_cv_5x3,11_pca50_svr_-_estructura_unificada_+_nested_cv_5x3,0.8497961786105552,0.8391176353497752,0.7213619864521743,0.6986455456442595,0.8355398629040038,0.8689320165994796,-0.010678543260779993,-0.022716440807914795,0.03339215369547577,pca20,pca20,pca20
plant_height,svr_linear,10_pca20_svr_-_estructura_unificada_+_nested_cv_5x3,11_pca50_svr_-_estructura_unificada_+_nested_cv_5x3,0.7496668855252678,0.7750574765704048,0.5588833930471973,0.6003880379540731,9.51818695853828,9.059344334226738,0.025390591045136968,0.04150464490687589,-0.45884262431154177,pca50,pca50,pca50
plant_height,ridge,45_pca20_blocks_-_estructura_unificada_+_nested_cv_5x3,45_pca50_blocks_-_estructura_unificada_+_nested_cv_5x3,0.7536514468126917,0.776182087327852,0.5671841874491361,0.5997562540075052,9.428206508933467,9.066502888553709,0.022530640515160294,0.032572066558369084,-0.36170362037975856,pca50,pca50,pca50
plant_height,elasticnet,45_pca20_blocks_-_estructura_unificada_+_nested_cv_5x3,45_pca50_blocks_-_estructura_unificada_+_nested_cv_5x3,0.7554664076854735,0.7779029348862809,0.5697534220851644,0.604628025219788,9.400181504986763,9.011155163931244,0.022436527200807466,0.03487460313462354,-0.38902634105551925,pca50,pca50,pca50
plant_height,gradient_boosting,40_pca20_ensemble_-_estructura_unificada_+_nested_cv_5x3,40_pca50_ensemble_-_estructura_unificada_+_nested_cv_5x3,0.7887058802869694,0.7934226228195442,0.6220289919580921,0.6293382227230466,8.810626102230753,8.725019954069657,0.004716742532574814,0.0073092307649544885,-0.08560614816109613,pca50,pca50,pca50
plant_height,xgboost,45_pca20_blocks_-_estructura_unificada_+_nested_cv_5x3,45_pca50_blocks_-_estructura_unificada_+_nested_cv_5x3,0.7856645658605594,0.7889857225807233,0.61703175765167,0.6223978918136025,8.868678423509593,8.80632546531322,0.0033211567201638648,0.005366134161932545,-0.062352958196372654,pca50,pca50,pca50
plant_height,random_forest,40_pca20_ensemble_-_estructura_unificada_+_nested_cv_5x3,40_pca50_ensemble_-_estructura_unificada_+_nested_cv_5x3,0.7935928998807116,0.7957630677865566,0.6290659254177393,0.6312211019542431,8.728224173384692,8.702831161110172,0.0021701679058450107,0.0021551765365037667,-0.025393012274520288,pca50,pca50,pca50
plant_height,adaboost,40_pca20_ensemble_-_estructura_unificada_+_nested_cv_5x3,40_pca50_ensemble_-_estructura_unificada_+_nested_cv_5x3,0.747482256464934,0.7472360089336232,0.5525867349423841,0.5461188570548249,9.585879271171075,9.654918160894749,-0.0002462475313108614,-0.0064678778875592036,0.06903888972367334,pca20,pca20,pca20
plant_height,svr_rbf,10_pca20_svr_-_estructura_unificada_+_nested_cv_5x3,11_pca50_svr_-_estructura_unificada_+_nested_cv_5x3,0.7903791176010909,0.7891555067592371,0.6231737013197702,0.6208157409155882,8.797274213093985,8.824755409433171,-0.0012236108418538505,-0.0023579604041820135,0.027481196339186553,pca20,pca20,pca20
plant_height,decision_tree,20_pca20_tree_-_estructura_unificada_+_nested_cv_5x3,21_pca50_tree_-_estructura_unificada_+_nested_cv_5x3,0.7133059215222992,0.6903543426812659,0.4993907030553266,0.4643372212649743,10.13974381115392,10.488738595776647,-0.02295157884103327,-0.03505348179035234,0.34899478462272704,pca20,pca20,pca20
puccinia_hordei,gradient_boosting,40_pca20_ensemble_-_estructura_unificada_+_nested_cv_5x3,40_pca50_ensemble_-_estructura_unificada_+_nested_cv_5x3,0.6901809405356332,0.7192849302824953,0.4760746959584788,0.5168814637544004,0.8603702599672856,0.8261854707950047,0.029103989746862124,0.04080676779592157,-0.03418478917228085,pca50,pca50,pca50
puccinia_hordei,elasticnet,45_pca20_blocks_-_estructura_unificada_+_nested_cv_5x3,45_pca50_blocks_-_estructura_unificada_+_nested_cv_5x3,0.6449865952035013,0.6738172590483609,0.4134132158241028,0.4525450484463915,0.910367698793972,0.8794778315766352,0.02883066384485955,0.0391318326222887,-0.030889867217336775,pca50,pca50,pca50
puccinia_hordei,ridge,45_pca20_blocks_-_estructura_unificada_+_nested_cv_5x3,45_pca50_blocks_-_estructura_unificada_+_nested_cv_5x3,0.6324434941033938,0.6570932152411924,0.3997963906833094,0.4316313884303904,0.920873561025334,0.896119124207652,0.024649721137798508,0.031834997747080984,-0.02475443681768197,pca50,pca50,pca50
puccinia_hordei,xgboost,45_pca20_blocks_-_estructura_unificada_+_nested_cv_5x3,45_pca50_blocks_-_estructura_unificada_+_nested_cv_5x3,0.6814499462820871,0.7046676320863676,0.4610767461019641,0.4957553275223563,0.8725979020809009,0.8440561956460569,0.02321768580428052,0.03467858142039221,-0.028541706434843994,pca50,pca50,pca50
puccinia_hordei,random_forest,40_pca20_ensemble_-_estructura_unificada_+_nested_cv_5x3,40_pca50_ensemble_-_estructura_unificada_+_nested_cv_5x3,0.6995317096444247,0.7153519339534692,0.4893398223661851,0.511595580797009,0.8494086881614471,0.8306928938451769,0.015820224309044506,0.022255758430823835,-0.01871579431627024,pca50,pca50,pca50
puccinia_hordei,adaboost,40_pca20_ensemble_-_estructura_unificada_+_nested_cv_5x3,40_pca50_ensemble_-_estructura_unificada_+_nested_cv_5x3,0.659450162222452,0.6728474636462509,0.4293709693566269,0.4455192620806003,0.8978993023716512,0.8851032486545122,0.013397301423798913,0.01614829272397339,-0.012796053717138989,pca50,pca50,pca50
puccinia_hordei,svr_rbf,10_pca20_svr_-_estructura_unificada_+_nested_cv_5x3,11_pca50_svr_-_estructura_unificada_+_nested_cv_5x3,0.7023483306495792,0.7070870023091229,0.4910925829907417,0.4976760925513828,0.8479497043873627,0.8424470755532053,0.0047386716595436695,0.0065835095606410765,-0.005502628834157419,pca50,pca50,pca50
puccinia_hordei,svr_linear,10_pca20_svr_-_estructura_unificada_+_nested_cv_5x3,11_pca50_svr_-_estructura_unificada_+_nested_cv_5x3,0.5845248378058352,0.5635545784900253,0.3205779766442967,0.2314765088717933,0.97976182329767,1.042027729890224,-0.02097025931580987,-0.08910146777250341,0.06226590659255404,pca20,pca20,pca20
puccinia_hordei,decision_tree,20_pca20_tree_-_estructura_unificada_+_nested_cv_5x3,21_pca50_tree_-_estructura_unificada_+_nested_cv_5x3,0.6289976743348548,0.6052433261400866,0.3895887872553949,0.3482522715341458,0.928671150382216,0.9596005008396444,-0.023754348194768182,-0.041336515721249134,0.030929350457428395,pca20,pca20,pca20
ramularia_collo_cygni,ridge,45_pca20_blocks_-_estructura_unificada_+_nested_cv_5x3,45_pca50_blocks_-_estructura_unificada_+_nested_cv_5x3,0.3100626353533289,0.332084854738055,0.0755888554795082,0.1098317590218871,1.077802334042234,1.0576514795694136,0.022022219384726094,0.03424290354237891,-0.02015085447282039,pca50,pca50,pca50
ramularia_collo_cygni,svr_linear,10_pca20_svr_-_estructura_unificada_+_nested_cv_5x3,11_pca50_svr_-_estructura_unificada_+_nested_cv_5x3,0.2854973555072591,0.3001729249206434,-0.0554326138885081,-0.0077729267137678,1.151653385255745,1.1253506781624276,0.014675569413384326,0.0476596871747403,-0.02630270709331728,pca50,pca50,pca50
ramularia_collo_cygni,elasticnet,45_pca20_blocks_-_estructura_unificada_+_nested_cv_5x3,45_pca50_blocks_-_estructura_unificada_+_nested_cv_5x3,0.3575054438639063,0.348121688474148,0.1265534241945579,0.1209050870153466,1.0476704792448008,1.0510525178421648,-0.00938375538975833,-0.005648337179211302,0.0033820385973639677,pca20,pca20,pca20
ramularia_collo_cygni,random_forest,40_pca20_ensemble_-_estructura_unificada_+_nested_cv_5x3,40_pca50_ensemble_-_estructura_unificada_+_nested_cv_5x3,0.3461196702291273,0.3298375825073268,0.1130379575490411,0.1042443354741208,1.0557450424350152,1.0609656297568506,-0.01628208772180051,-0.008793622074920293,0.00522058732183539,pca20,pca20,pca20
ramularia_collo_cygni,xgboost,45_pca20_blocks_-_estructura_unificada_+_nested_cv_5x3,45_pca50_blocks_-_estructura_unificada_+_nested_cv_5x3,0.3182009497067257,0.3010064785641717,0.08132675056208,0.0612457588193008,1.0744521238636329,1.0861317005923898,-0.017194471142554013,-0.0200809917427792,0.011679576728756969,pca20,pca20,pca20
ramularia_collo_cygni,gradient_boosting,40_pca20_ensemble_-_estructura_unificada_+_nested_cv_5x3,40_pca50_ensemble_-_estructura_unificada_+_nested_cv_5x3,0.3343283251404014,0.3168241880756506,0.1116420697868288,0.1003399013676963,1.0565754738106596,1.0632753925075522,-0.01750413706475079,-0.011302168419132494,0.006699918696892571,pca20,pca20,pca20
ramularia_collo_cygni,decision_tree,20_pca20_tree_-_estructura_unificada_+_nested_cv_5x3,21_pca50_tree_-_estructura_unificada_+_nested_cv_5x3,0.2537597170449932,0.2141412529367533,0.0108585250317859,0.0143838306763016,1.1148995485694086,1.112911021152822,-0.03961846410823994,0.0035253056445157006,-0.0019885274165867273,pca20,pca50,pca50
ramularia_collo_cygni,adaboost,40_pca20_ensemble_-_estructura_unificada_+_nested_cv_5x3,40_pca50_ensemble_-_estructura_unificada_+_nested_cv_5x3,0.2927445291344502,0.2526946965684158,0.0851426974115151,0.0634538594840677,1.072218294413499,1.0848535705049005,-0.04004983256603439,-0.0216888379274474,0.01263527609140147,pca20,pca20,pca20
ramularia_collo_cygni,svr_rbf,10_pca20_svr_-_estructura_unificada_+_nested_cv_5x3,11_pca50_svr_-_estructura_unificada_+_nested_cv_5x3,0.3617207838327954,0.3073489450246894,0.1282924795408779,0.0874488299913687,1.0466269896979128,1.0708660410314106,-0.05437183880810598,-0.04084364954950921,0.024239051333497796,pca20,pca20,pca20
rhynchosporium,svr_linear,10_pca20_svr_-_estructura_unificada_+_nested_cv_5x3,11_pca50_svr_-_estructura_unificada_+_nested_cv_5x3,0.1709858783744133,0.1900899014273151,0.0235499826066417,0.0268116166226093,0.9044309524729393,0.9029191545133878,0.019104023052901792,0.0032616340159676016,-0.0015117979595514752,pca50,pca50,pca50
rhynchosporium,xgboost,45_pca20_blocks_-_estructura_unificada_+_nested_cv_5x3,45_pca50_blocks_-_estructura_unificada_+_nested_cv_5x3,0.1904822736756225,0.1992496764354264,-0.007507857052361,-0.0108240082039194,0.9187019304336602,0.9202126142824182,0.008767402759803894,-0.0033161511515584,0.0015106838487579655,pca50,pca20,pca20
rhynchosporium,random_forest,40_pca20_ensemble_-_estructura_unificada_+_nested_cv_5x3,40_pca50_ensemble_-_estructura_unificada_+_nested_cv_5x3,0.2103053618850929,0.2179625199301687,0.0189495017341544,0.0229612946329241,0.9065590327019848,0.9047035457399762,0.0076571580450758014,0.004011792898769698,-0.0018554869620085457,pca50,pca50,pca50
rhynchosporium,svr_rbf,10_pca20_svr_-_estructura_unificada_+_nested_cv_5x3,11_pca50_svr_-_estructura_unificada_+_nested_cv_5x3,0.1696786904291045,0.1689537073280974,0.0198083646115557,0.0134757341215927,0.9061621212360002,0.9090845861517154,-0.000724983101007104,-0.0063326304899629995,0.0029224649157152394,pca20,pca20,pca20
rhynchosporium,ridge,45_pca20_blocks_-_estructura_unificada_+_nested_cv_5x3,45_pca50_blocks_-_estructura_unificada_+_nested_cv_5x3,0.2138637946782554,0.2097558292071325,0.0452319464443266,0.0437488302620265,0.8943331886028384,0.895027538041326,-0.004107965471122882,-0.0014831161823000982,0.0006943494384875626,pca20,pca20,pca20
rhynchosporium,gradient_boosting,40_pca20_ensemble_-_estructura_unificada_+_nested_cv_5x3,40_pca50_ensemble_-_estructura_unificada_+_nested_cv_5x3,0.1864292452556941,0.1790982253175909,0.0325490620999631,0.0248738311422225,0.9002536339157288,0.9038176411544032,-0.0073310199381032,-0.007675230957740597,0.0035640072386744492,pca20,pca20,pca20
rhynchosporium,adaboost,40_pca20_ensemble_-_estructura_unificada_+_nested_cv_5x3,40_pca50_ensemble_-_estructura_unificada_+_nested_cv_5x3,0.1632561729558314,0.1545331153407845,-0.042321656758969,-0.0073701250688373,0.9344397160991548,0.9186391324301236,-0.00872305761504688,0.034951531690131696,-0.015800583669031143,pca20,pca50,pca50
rhynchosporium,decision_tree,20_pca20_tree_-_estructura_unificada_+_nested_cv_5x3,21_pca50_tree_-_estructura_unificada_+_nested_cv_5x3,0.0873659244973129,0.0710007469302048,-0.0352629963117721,-0.0157951125421782,0.9312703021604842,0.922472583624028,-0.01636517756710809,0.019467883769593897,-0.008797718536456278,pca20,pca50,pca50
rhynchosporium,elasticnet,45_pca20_blocks_-_estructura_unificada_+_nested_cv_5x3,45_pca50_blocks_-_estructura_unificada_+_nested_cv_5x3,0.2094290420045866,0.1870455136548749,0.042921960279973,0.0347154637286651,0.8954144193921717,0.8992451052588052,-0.02238352834971169,-0.008206496551307896,0.0038306858666334875,pca20,pca20,pca20
