representation,trait,model,n_individuos,n_features,cv_outer,cv_inner,pearson_r,pearson_p,rmse,mae,r2,fit_time_s,best_params_mode_outer,run_name,run_path,n_configs_model,fits_por_config,fits_ejecutados_config,cv,r2_norm,pearson_norm,rmse_norm_inv,score_composite,rank_trait
snp_direct,blumeria_graminis,gblup,1110,61139,"KFold(5, shuffle=True, random_state=42)","KFold(3, shuffle=True, random_state=42)",0.7631784297985205,2.3668590705929637e-212,0.7522206688660025,0.5869377568146481,0.5823373942575759,75.79340019999654,"fit_intercept=True, grm=vanraden, jitter=1e-08, optimize_delta=True",54_snp_direct_gblup_legacy::snp_blocks_notebook_nested5x3_gblup,results\snp_blocks_notebook_nested5x3_gblup,1.0,15.0,20.0,"NestedKFold_manual(outer=5, inner=3, random_state=42)",1.0,1.0,1.0,1.0,1.0
snp_direct,blumeria_graminis,xgboost,1110,61139,"KFold(5, shuffle=True, random_state=42)","KFold(3, shuffle=True, random_state=42)",0.7486903640637232,4.8281842630515205e-200,0.7717045985656462,,0.5604206877118649,1717.856759599992,"colsample_bytree=0.1, learning_rate=0.05, max_depth=5, n_estimators=400, reg_lambda=1.0, subsample=0.7",53_snp_direct_legacy::snp_blocks_notebook_nested5x3,results\snp_blocks_notebook_nested5x3,1.0,15.0,20.0,"NestedKFold_manual(outer=5, inner=3, random_state=42)",0.9463243093161381,0.9299128349356088,0.9362462902730039,0.9377441157552997,2.0
snp_direct,blumeria_graminis,ridge,1110,61139,"KFold(5, shuffle=True, random_state=42)","KFold(3, shuffle=True, random_state=42)",0.7483698648875703,8.841229638855309e-200,0.7723907220976844,,0.5596386791818455,418.5074123000086,alpha=1.0,53_snp_direct_legacy::snp_blocks_notebook_nested5x3,results\snp_blocks_notebook_nested5x3,1.0,15.0,20.0,"NestedKFold_manual(outer=5, inner=3, random_state=42)",0.9444091106122673,0.9283623947958957,0.934001213372566,0.9359088448377785,3.0
snp_direct,blumeria_graminis,elasticnet,1110,61139,"KFold(5, shuffle=True, random_state=42)","KFold(3, shuffle=True, random_state=42)",0.7354241942765702,1.7226705221247603e-189,0.7892584921345774,,0.5401950993594071,133.83622109997668,"alpha=0.1, l1_ratio=0.1",53_snp_direct_legacy::snp_blocks_notebook_nested5x3,results\snp_blocks_notebook_nested5x3,1.0,15.0,20.0,"NestedKFold_manual(outer=5, inner=3, random_state=42)",0.8967902964369039,0.8657366882598466,0.8788078857814969,0.8807723710349996,4.0
pca50,blumeria_graminis,random_forest,1110,50,"KFold(5, shuffle=True, random_state=42)","KFold(3, shuffle=True, random_state=42)",0.7317775274792232,1.0611997823248258e-186,0.7933169685663618,0.6134363901078733,0.5354541804784856,1117.7758279999834,"{""model__max_depth"": 15, ""model__max_features"": 0.5, ""model__min_samples_leaf"": 3, ""model__n_estimators"": 500}",40_pca50_ensemble_-_estructura_unificada_+_nested_cv_5x3,outputs_nested5x3\40_pca50_ensemble_-_estructura_unificada_+_nested_cv_5x3,,,,,0.8851794234766405,0.8480956489079449,0.865528073528296,0.8664156436594934,5.0
pca50,blumeria_graminis,svr_rbf,1110,50,"KFold(5, shuffle=True, random_state=42)","KFold(3, shuffle=True, random_state=42)",0.7293312535338877,7.439351222841981e-185,0.79708876345777,0.6233340618973234,0.5310263491463185,13.973322300007569,"{""model__C"": 1, ""model__epsilon"": 0.5, ""model__gamma"": ""auto""}",11_pca50_svr_-_estructura_unificada_+_nested_cv_5x3,outputs_nested5x3\11_pca50_svr_-_estructura_unificada_+_nested_cv_5x3,,,,,0.8743353258705509,0.8362616050170717,0.8531863169954235,0.8548760357541338,6.0
pca20,blumeria_graminis,svr_rbf,1110,20,"KFold(5, shuffle=True, random_state=42)","KFold(3, shuffle=True, random_state=42)",0.7286600238296017,2.368372496493041e-184,0.7985332364094307,0.6196472968499208,0.529325074231858,26.175356899999315,"{""model__C"": 1, ""model__epsilon"": 0.1, ""model__gamma"": ""scale""}",10_pca20_svr_-_estructura_unificada_+_nested_cv_5x3,outputs_nested5x3\10_pca20_svr_-_estructura_unificada_+_nested_cv_5x3,,,,,0.8701687734788247,0.8330144781789165,0.8484598315949778,0.8509652669820922,7.0
pca50,blumeria_graminis,elasticnet,1110,50,"KFold(5, shuffle=True, random_state=42)","KFold(3, shuffle=True, random_state=42)",0.7275604907832016,1.5667985373701112e-183,0.8014014751422804,0.6322391660321365,0.5259377823142577,4.084526700004062,"{""model__alpha"": 0.1, ""model__l1_ratio"": 0.1}",45_pca50_blocks_-_estructura_unificada_+_nested_cv_5x3,outputs_nested5x3\45_pca50_blocks_-_estructura_unificada_+_nested_cv_5x3,,,,,0.8618730364872353,0.8276954000129674,0.8390746170915007,0.8436422980183813,8.0
pca20,blumeria_graminis,random_forest,1110,20,"KFold(5, shuffle=True, random_state=42)","KFold(3, shuffle=True, random_state=42)",0.7240541723135465,6.096107704500911e-181,0.8029295515140694,0.619454707481207,0.5241282176305819,548.5751344000164,"{""model__max_depth"": 25, ""model__max_features"": 0.3, ""model__min_samples_leaf"": 1, ""model__n_estimators"": 300}",40_pca20_ensemble_-_estructura_unificada_+_nested_cv_5x3,outputs_nested5x3\40_pca20_ensemble_-_estructura_unificada_+_nested_cv_5x3,,,,,0.8574412741678905,0.8107333068081576,0.8340745714667468,0.8340847466837686,9.0
pca50,blumeria_graminis,gradient_boosting,1110,50,"KFold(5, shuffle=True, random_state=42)","KFold(3, shuffle=True, random_state=42)",0.7225178857031189,8.077283347648605e-180,0.8046978840023855,0.6261375191828072,0.52202983634668,2175.324181000004,"{""model__learning_rate"": 0.03, ""model__max_depth"": 3, ""model__min_samples_leaf"": 2, ""model__n_estimators"": 300, ""model__subsample"": 0.7}",40_pca50_ensemble_-_estructura_unificada_+_nested_cv_5x3,outputs_nested5x3\40_pca50_ensemble_-_estructura_unificada_+_nested_cv_5x3,,,,,0.852302177903741,0.8033013986968738,0.8282883795691758,0.8278991065540812,10.0
pca50,blumeria_graminis,ridge,1110,50,"KFold(5, shuffle=True, random_state=42)","KFold(3, shuffle=True, random_state=42)",0.7222022976150219,1.3704209431593649e-179,0.8060143617471274,0.63428889831564,0.5204646481973667,24.28513430000021,"{""model__alpha"": 100.0}",45_pca50_blocks_-_estructura_unificada_+_nested_cv_5x3,outputs_nested5x3\45_pca50_blocks_-_estructura_unificada_+_nested_cv_5x3,,,,,0.8484689124087924,0.8017747163344595,0.8239807095408931,0.8248935934054794,11.0
pca20,blumeria_graminis,gradient_boosting,1110,20,"KFold(5, shuffle=True, random_state=42)","KFold(3, shuffle=True, random_state=42)",0.7214742545331185,4.6268744347369154e-179,0.8064108481988688,0.6263005218643276,0.519992755778615,1600.7186831000145,"{""model__learning_rate"": 0.01, ""model__max_depth"": 4, ""model__min_samples_leaf"": 2, ""model__n_estimators"": 300, ""model__subsample"": 0.7}",40_pca20_ensemble_-_estructura_unificada_+_nested_cv_5x3,outputs_nested5x3\40_pca20_ensemble_-_estructura_unificada_+_nested_cv_5x3,,,,,0.8473132117814128,0.7982527502839609,0.8226833592350423,0.8227630566731581,12.0
pca50,blumeria_graminis,adaboost,1110,50,"KFold(5, shuffle=True, random_state=42)","KFold(3, shuffle=True, random_state=42)",0.7161027178381586,3.254817997854113e-175,0.81501978617225,0.6399046357108357,0.5096892973859932,89.59596309997141,"{""model__estimator"": ""DecisionTreeRegressor(max_depth=3, random_state=42)"", ""model__learning_rate"": 0.1, ""model__loss"": ""square"", ""model__n_estimators"": 100}",40_pca50_ensemble_-_estructura_unificada_+_nested_cv_5x3,outputs_nested5x3\40_pca50_ensemble_-_estructura_unificada_+_nested_cv_5x3,,,,,0.8220792540924261,0.7722675162381989,0.7945139015807839,0.7966414884484069,13.0
pca20,blumeria_graminis,xgboost,1110,20,"KFold(5, shuffle=True, random_state=42)","KFold(3, shuffle=True, random_state=42)",0.7142553780819896,6.531761842715894e-174,0.8160312639935893,0.6294792647146943,0.5084715450047643,22.113171500001044,"{""model__colsample_bytree"": 0.3, ""model__learning_rate"": 0.05, ""model__max_depth"": 3, ""model__n_estimators"": 400, ""model__reg_lambda"": 5.0, ""model__subsample"": 0.7}",45_pca20_blocks_-_estructura_unificada_+_nested_cv_5x3,outputs_nested5x3\45_pca20_blocks_-_estructura_unificada_+_nested_cv_5x3,,,,,0.8190968853679989,0.7633308639071938,0.7912042271767474,0.7912119451454267,14.0
pca20,blumeria_graminis,adaboost,1110,20,"KFold(5, shuffle=True, random_state=42)","KFold(3, shuffle=True, random_state=42)",0.7135583987116985,2.012601893495645e-173,0.8185786302032639,0.6405450553047775,0.5053979929289782,105.45596069999738,"{""model__estimator"": ""DecisionTreeRegressor(max_depth=3, random_state=42)"", ""model__learning_rate"": 0.05, ""model__loss"": ""linear"", ""model__n_estimators"": 200}",40_pca20_ensemble_-_estructura_unificada_+_nested_cv_5x3,outputs_nested5x3\40_pca20_ensemble_-_estructura_unificada_+_nested_cv_5x3,,,,,0.8115695212461792,0.7599591710210453,0.7828689453109478,0.7851852659690793,15.0
pca50,blumeria_graminis,xgboost,1110,50,"KFold(5, shuffle=True, random_state=42)","KFold(3, shuffle=True, random_state=42)",0.7126905788938733,8.13270060296962e-173,0.8180668640501375,0.635463374755271,0.5060162388325118,44.9107931000035,"{""model__colsample_bytree"": 0.1, ""model__learning_rate"": 0.05, ""model__max_depth"": 5, ""model__n_estimators"": 400, ""model__reg_lambda"": 5.0, ""model__subsample"": 0.7}",45_pca50_blocks_-_estructura_unificada_+_nested_cv_5x3,outputs_nested5x3\45_pca50_blocks_-_estructura_unificada_+_nested_cv_5x3,,,,,0.8130836527519972,0.7557610239438978,0.7845435043592243,0.7844465715502029,16.0
pca50,blumeria_graminis,decision_tree,1110,50,"KFold(5, shuffle=True, random_state=42)","KFold(3, shuffle=True, random_state=42)",0.6788036516425163,8.876275595623305e-151,0.856458871230544,0.6636532636367104,0.4585627974540364,249.8715544999868,"{""model__ccp_alpha"": 0.0, ""model__max_depth"": 3, ""model__max_features"": null, ""model__min_samples_leaf"": 10, ""model__min_samples_split"": 2}",21_pca50_tree_-_estructura_unificada_+_nested_cv_5x3,outputs_nested5x3\21_pca50_tree_-_estructura_unificada_+_nested_cv_5x3,,,,,0.6968665452224777,0.5918303304154622,0.6589203410986251,0.647262818474901,17.0
pca20,blumeria_graminis,decision_tree,1110,20,"KFold(5, shuffle=True, random_state=42)","KFold(3, shuffle=True, random_state=42)",0.6766695403001488,1.7252889849728478e-149,0.8585135157783017,0.6644381488686377,0.4559618660366428,165.66431339998962,"{""model__ccp_alpha"": 0.01, ""model__max_depth"": 5, ""model__max_features"": ""sqrt"", ""model__min_samples_leaf"": 2, ""model__min_samples_split"": 10}",20_pca20_tree_-_estructura_unificada_+_nested_cv_5x3,outputs_nested5x3\20_pca20_tree_-_estructura_unificada_+_nested_cv_5x3,,,,,0.6904966652426193,0.5815063978314832,0.6521973024658027,0.6392406857228016,18.0
pca50,blumeria_graminis,svr_linear,1110,50,"KFold(5, shuffle=True, random_state=42)","KFold(3, shuffle=True, random_state=42)",0.6604393824924182,4.908891058755639e-140,0.9032512433584576,0.6523737189479009,0.3977841177949279,678.5321577999857,"{""model__C"": 0.1, ""model__epsilon"": 0.5}",11_pca50_svr_-_estructura_unificada_+_nested_cv_5x3,outputs_nested5x3\11_pca50_svr_-_estructura_unificada_+_nested_cv_5x3,,,,,0.5480149099299358,0.5029917244365771,0.5058101956573214,0.5215646928780695,19.0
pca20,blumeria_graminis,svr_linear,1110,20,"KFold(5, shuffle=True, random_state=42)","KFold(3, shuffle=True, random_state=42)",0.6327387185382116,3.387204209997087e-125,0.9364655070895768,0.6510234088629716,0.3526805744828808,61.72186160000274,"{""model__C"": 0.1, ""model__epsilon"": 0.5}",10_pca20_svr_-_estructura_unificada_+_nested_cv_5x3,outputs_nested5x3\10_pca20_svr_-_estructura_unificada_+_nested_cv_5x3,,,,,0.4375528825028552,0.3689875693968376,0.397129217982249,0.40204202435632685,20.0
pca20,blumeria_graminis,elasticnet,1110,20,"KFold(5, shuffle=True, random_state=42)","KFold(3, shuffle=True, random_state=42)",0.6171768759741976,1.664097728427308e-117,0.9490937599461344,0.6538507155240276,0.3351046359219723,2.8208543000000645,"{""model__alpha"": 0.1, ""model__l1_ratio"": 0.1}",45_pca20_blocks_-_estructura_unificada_+_nested_cv_5x3,outputs_nested5x3\45_pca20_blocks_-_estructura_unificada_+_nested_cv_5x3,,,,,0.39450806462813187,0.2937059239063337,0.3558080892681166,0.34644721326740957,21.0
pca20,blumeria_graminis,ridge,1110,20,"KFold(5, shuffle=True, random_state=42)","KFold(3, shuffle=True, random_state=42)",0.5564634667737411,3.000004163498484e-91,1.05783315452491,0.6605776127168009,0.1740202162859759,13.196190599999682,"{""model__alpha"": 100.0}",45_pca20_blocks_-_estructura_unificada_+_nested_cv_5x3,outputs_nested5x3\45_pca20_blocks_-_estructura_unificada_+_nested_cv_5x3,,,,,0.0,0.0,0.0,0.0,22.0
snp_direct,heading_date,xgboost,1110,61139,"KFold(5, shuffle=True, random_state=42)","KFold(3, shuffle=True, random_state=42)",0.8024063197835223,1.1902223064983716e-250,18.977351224782197,,0.6433398493062897,1705.786745099991,"colsample_bytree=0.1, learning_rate=0.05, max_depth=5, n_estimators=400, reg_lambda=1.0, subsample=0.7",53_snp_direct_legacy::snp_blocks_notebook_nested5x3,results\snp_blocks_notebook_nested5x3,1.0,15.0,20.0,"NestedKFold_manual(outer=5, inner=3, random_state=42)",1.0,1.0,1.0,1.0,1.0
snp_direct,heading_date,elasticnet,1110,61139,"KFold(5, shuffle=True, random_state=42)","KFold(3, shuffle=True, random_state=42)",0.8005641948500251,1.1568081659949167e-248,19.04970250486346,,0.6406151266963738,184.6162142000103,"alpha=0.1, l1_ratio=0.1",53_snp_direct_legacy::snp_blocks_notebook_nested5x3,results\snp_blocks_notebook_nested5x3,1.0,15.0,20.0,"NestedKFold_manual(outer=5, inner=3, random_state=42)",0.9859495491311163,0.985195107623205,0.9842761418905485,0.9853130910798382,2.0
snp_direct,heading_date,gblup,1110,61139,"KFold(5, shuffle=True, random_state=42)","KFold(3, shuffle=True, random_state=42)",0.7972507952980223,3.857790834136004e-245,19.19990061560429,12.98729048201484,0.6349256175343062,70.76490539999213,"fit_intercept=True, grm=vanraden, jitter=1e-08, optimize_delta=True",54_snp_direct_gblup_legacy::snp_blocks_notebook_nested5x3_gblup,results\snp_blocks_notebook_nested5x3_gblup,1.0,15.0,20.0,"NestedKFold_manual(outer=5, inner=3, random_state=42)",0.9566107207825825,0.9585657933586222,0.9516340963186688,0.9563974249202156,3.0
snp_direct,heading_date,ridge,1110,61139,"KFold(5, shuffle=True, random_state=42)","KFold(3, shuffle=True, random_state=42)",0.7952181219434242,5.191628517567807e-243,19.29864377949587,,0.6311608796358437,164.90041740000015,alpha=1.0,53_snp_direct_legacy::snp_blocks_notebook_nested5x3,results\snp_blocks_notebook_nested5x3,1.0,15.0,20.0,"NestedKFold_manual(outer=5, inner=3, random_state=42)",0.9371972712504836,0.942229490806725,0.9301745796858514,0.9378056207600537,4.0
pca20,heading_date,random_forest,1110,20,"KFold(5, shuffle=True, random_state=42)","KFold(3, shuffle=True, random_state=42)",0.7882798296254394,6.3706925126075165e-236,19.58046944732811,12.650953185142406,0.6203096165365298,944.8232774999924,"{""model__max_depth"": null, ""model__max_features"": 0.5, ""model__min_samples_leaf"": 2, ""model__n_estimators"": 500}",40_pca20_ensemble_-_estructura_unificada_+_nested_cv_5x3,outputs_nested5x3\40_pca20_ensemble_-_estructura_unificada_+_nested_cv_5x3,,,,,0.8812410654747546,0.8864674362475391,0.8689263639304663,0.8808686734750107,5.0
pca20,heading_date,xgboost,1110,20,"KFold(5, shuffle=True, random_state=42)","KFold(3, shuffle=True, random_state=42)",0.7862197770934484,7.206544481159384e-234,19.63793629168321,12.71355186848748,0.6180776345626733,24.61277049999626,"{""model__colsample_bytree"": 0.3, ""model__learning_rate"": 0.05, ""model__max_depth"": 5, ""model__n_estimators"": 400, ""model__reg_lambda"": 5.0, ""model__subsample"": 0.7}",45_pca20_blocks_-_estructura_unificada_+_nested_cv_5x3,outputs_nested5x3\45_pca20_blocks_-_estructura_unificada_+_nested_cv_5x3,,,,,0.8697315074192751,0.869911091196191,0.8564372897133601,0.8671444973888585,6.0
pca50,heading_date,gradient_boosting,1110,50,"KFold(5, shuffle=True, random_state=42)","KFold(3, shuffle=True, random_state=42)",0.7855202632593901,3.546946447635745e-233,19.68049548790525,12.670321334226426,0.6164204418961926,2148.5987379,"{""model__learning_rate"": 0.01, ""model__max_depth"": 3, ""model__min_samples_leaf"": 1, ""model__n_estimators"": 500, ""model__subsample"": 0.7}",40_pca50_ensemble_-_estructura_unificada_+_nested_cv_5x3,outputs_nested5x3\40_pca50_ensemble_-_estructura_unificada_+_nested_cv_5x3,,,,,0.8611859387599468,0.8642891994118747,0.8471880440621977,0.8596276640811681,7.0
pca50,heading_date,random_forest,1110,50,"KFold(5, shuffle=True, random_state=42)","KFold(3, shuffle=True, random_state=42)",0.7854585710776255,4.081037537989542e-233,19.748402497601656,13.345392883806044,0.6137688136081796,1111.9698242000013,"{""model__max_depth"": 15, ""model__max_features"": 0.5, ""model__min_samples_leaf"": 3, ""model__n_estimators"": 500}",40_pca50_ensemble_-_estructura_unificada_+_nested_cv_5x3,outputs_nested5x3\40_pca50_ensemble_-_estructura_unificada_+_nested_cv_5x3,,,,,0.8475124099949698,0.8637933882457015,0.8324300441497686,0.8510083281262224,8.0
pca20,heading_date,gradient_boosting,1110,20,"KFold(5, shuffle=True, random_state=42)","KFold(3, shuffle=True, random_state=42)",0.7835002847563028,3.4197251028876164e-231,19.746282469791527,12.3623232946652,0.613851734432324,971.2491470999958,"{""model__learning_rate"": 0.01, ""model__max_depth"": 5, ""model__min_samples_leaf"": 2, ""model__n_estimators"": 500, ""model__subsample"": 0.7}",40_pca20_ensemble_-_estructura_unificada_+_nested_cv_5x3,outputs_nested5x3\40_pca20_ensemble_-_estructura_unificada_+_nested_cv_5x3,,,,,0.8479400039678051,0.8480549235504264,0.8328907825974798,0.8449761275267886,9.0
pca50,heading_date,xgboost,1110,50,"KFold(5, shuffle=True, random_state=42)","KFold(3, shuffle=True, random_state=42)",0.7786027302245537,1.8079063445989267e-226,19.94371530055511,13.014588939547185,0.6060913391167213,45.29094579999946,"{""model__colsample_bytree"": 0.3, ""model__learning_rate"": 0.05, ""model__max_depth"": 3, ""model__n_estimators"": 400, ""model__reg_lambda"": 5.0, ""model__subsample"": 0.7}",45_pca50_blocks_-_estructura_unificada_+_nested_cv_5x3,outputs_nested5x3\45_pca50_blocks_-_estructura_unificada_+_nested_cv_5x3,,,,,0.8079223329182177,0.8086939842169706,0.7899833756575186,0.804643201985579,10.0
pca50,heading_date,svr_rbf,1110,50,"KFold(5, shuffle=True, random_state=42)","KFold(3, shuffle=True, random_state=42)",0.7811289864146505,6.85686563555285e-229,20.04461923697692,11.639806753421423,0.6020953451512892,14.152745800005505,"{""model__C"": 10, ""model__epsilon"": 0.1, ""model__gamma"": 0.01}",11_pca50_svr_-_estructura_unificada_+_nested_cv_5x3,outputs_nested5x3\11_pca50_svr_-_estructura_unificada_+_nested_cv_5x3,,,,,0.7873163759377412,0.8289971408218756,0.7680542656652748,0.8001362598369017,11.0
pca20,heading_date,svr_rbf,1110,20,"KFold(5, shuffle=True, random_state=42)","KFold(3, shuffle=True, random_state=42)",0.7790985402831716,6.088988819260155e-227,20.206426866510853,11.35037255793163,0.5956453473675068,32.829372999985935,"{""model__C"": 100, ""model__epsilon"": 0.5, ""model__gamma"": ""auto""}",10_pca20_svr_-_estructura_unificada_+_nested_cv_5x3,outputs_nested5x3\10_pca20_svr_-_estructura_unificada_+_nested_cv_5x3,,,,,0.7540559711407051,0.8126787381409265,0.7328891627816689,0.7732717162689866,12.0
pca50,heading_date,elasticnet,1110,50,"KFold(5, shuffle=True, random_state=42)","KFold(3, shuffle=True, random_state=42)",0.7721664976234104,1.9197504914689578e-220,20.201835290904157,14.060453695356268,0.59582909227482,4.23126339999726,"{""model__alpha"": 0.1, ""model__l1_ratio"": 0.5}",45_pca50_blocks_-_estructura_unificada_+_nested_cv_5x3,outputs_nested5x3\45_pca50_blocks_-_estructura_unificada_+_nested_cv_5x3,,,,,0.7550034799928778,0.7569669111834139,0.7338870343225375,0.7515655633350242,13.0
pca50,heading_date,ridge,1110,50,"KFold(5, shuffle=True, random_state=42)","KFold(3, shuffle=True, random_state=42)",0.7723263044448394,1.3678244591941638e-220,20.248294402655,14.364245257408127,0.5939679729499927,3.888586499997473,"{""model__alpha"": 100.0}",45_pca50_blocks_-_estructura_unificada_+_nested_cv_5x3,outputs_nested5x3\45_pca50_blocks_-_estructura_unificada_+_nested_cv_5x3,,,,,0.7454063321806746,0.7582512555562152,0.7237902332674507,0.7462210817482461,14.0
pca50,heading_date,svr_linear,1110,50,"KFold(5, shuffle=True, random_state=42)","KFold(3, shuffle=True, random_state=42)",0.7710226742580029,2.1549397906807534e-219,20.588305802778983,12.85211795586788,0.5802172207800044,202.19961209999747,"{""model__C"": 0.1, ""model__epsilon"": 0.5}",11_pca50_svr_-_estructura_unificada_+_nested_cv_5x3,outputs_nested5x3\11_pca50_svr_-_estructura_unificada_+_nested_cv_5x3,,,,,0.6744984654233407,0.7477741677842065,0.6498967098198963,0.6988883952469982,15.0
pca20,heading_date,elasticnet,1110,20,"KFold(5, shuffle=True, random_state=42)","KFold(3, shuffle=True, random_state=42)",0.7530665278995361,1.1377648182439834e-203,20.92883980080067,15.343688718180704,0.56621582402494,2.623576400001184,"{""model__alpha"": 0.1, ""model__l1_ratio"": 0.5}",45_pca20_blocks_-_estructura_unificada_+_nested_cv_5x3,outputs_nested5x3\45_pca20_blocks_-_estructura_unificada_+_nested_cv_5x3,,,,,0.6022981113444179,0.6034632095505577,0.5758896119451506,0.5974824507470203,16.0
pca20,heading_date,ridge,1110,20,"KFold(5, shuffle=True, random_state=42)","KFold(3, shuffle=True, random_state=42)",0.751540274747138,2.137441309922895e-202,20.9826281678996,15.407312699649529,0.5639832563590161,1.3564345999984653,"{""model__alpha"": 100.0}",45_pca20_blocks_-_estructura_unificada_+_nested_cv_5x3,outputs_nested5x3\45_pca20_blocks_-_estructura_unificada_+_nested_cv_5x3,,,,,0.5907855330777853,0.5911969331161468,0.5641999687038329,0.5856329802183394,17.0
pca50,heading_date,adaboost,1110,50,"KFold(5, shuffle=True, random_state=42)","KFold(3, shuffle=True, random_state=42)",0.7531005854158828,1.0654202050062897e-203,21.27118803728596,16.17326258124253,0.5519083083485339,83.16700299998047,"{""model__estimator"": ""DecisionTreeRegressor(max_depth=3, random_state=42)"", ""model__learning_rate"": 0.05, ""model__loss"": ""linear"", ""model__n_estimators"": 100}",40_pca50_ensemble_-_estructura_unificada_+_nested_cv_5x3,outputs_nested5x3\40_pca50_ensemble_-_estructura_unificada_+_nested_cv_5x3,,,,,0.5285192080037484,0.6037369248968757,0.5014882317833972,0.5532000995169292,18.0
pca20,heading_date,adaboost,1110,20,"KFold(5, shuffle=True, random_state=42)","KFold(3, shuffle=True, random_state=42)",0.7428414656465581,2.609446821076097e-195,21.665242153033976,16.731786654089426,0.53515250713258,89.48532440001145,"{""model__estimator"": ""DecisionTreeRegressor(max_depth=3, random_state=42)"", ""model__learning_rate"": 0.05, ""model__loss"": ""linear"", ""model__n_estimators"": 100}",40_pca20_ensemble_-_estructura_unificada_+_nested_cv_5x3,outputs_nested5x3\40_pca20_ensemble_-_estructura_unificada_+_nested_cv_5x3,,,,,0.44211534402993935,0.5212858591175571,0.4158497883929299,0.46853043893758456,19.0
pca20,heading_date,svr_linear,1110,20,"KFold(5, shuffle=True, random_state=42)","KFold(3, shuffle=True, random_state=42)",0.7460793719773648,6.495383519928461e-198,21.77482698065668,13.826452104917662,0.5304381298592047,23.35190379997948,"{""model__C"": 1, ""model__epsilon"": 0.1}",10_pca20_svr_-_estructura_unificada_+_nested_cv_5x3,outputs_nested5x3\10_pca20_svr_-_estructura_unificada_+_nested_cv_5x3,,,,,0.41780493312209854,0.5473084452527607,0.392034089782584,0.46445216930646055,20.0
pca20,heading_date,decision_tree,1110,20,"KFold(5, shuffle=True, random_state=42)","KFold(3, shuffle=True, random_state=42)",0.7027383061978627,5.096779452349896e-166,22.84451169580425,13.895181918196116,0.4831706642165162,117.46478509998995,"{""model__ccp_alpha"": 0.1, ""model__max_depth"": 5, ""model__max_features"": null, ""model__min_samples_leaf"": 10, ""model__min_samples_split"": 2}",20_pca20_tree_-_estructura_unificada_+_nested_cv_5x3,outputs_nested5x3\20_pca20_tree_-_estructura_unificada_+_nested_cv_5x3,,,,,0.17406298254984426,0.19898255123049666,0.15956314159842083,0.18113084183182054,21.0
pca50,heading_date,decision_tree,1110,50,"KFold(5, shuffle=True, random_state=42)","KFold(3, shuffle=True, random_state=42)",0.677979550131043,2.7998913389803045e-150,23.578720658265848,14.902279972169223,0.4494156375252873,204.19383549998747,"{""model__ccp_alpha"": 0.1, ""model__max_depth"": 5, ""model__max_features"": null, ""model__min_samples_leaf"": 10, ""model__min_samples_split"": 2}",21_pca50_tree_-_estructura_unificada_+_nested_cv_5x3,outputs_nested5x3\21_pca50_tree_-_estructura_unificada_+_nested_cv_5x3,,,,,0.0,0.0,0.0,0.0,22.0
snp_direct,lodging,ridge,1110,61139,"KFold(5, shuffle=True, random_state=42)","KFold(3, shuffle=True, random_state=42)",0.8773082887245263,0.0,0.7614187900438776,,0.7686054125306541,604.4759736999986,alpha=1.0,53_snp_direct_legacy::snp_blocks_notebook_nested5x3,results\snp_blocks_notebook_nested5x3,1.0,15.0,20.0,"NestedKFold_manual(outer=5, inner=3, random_state=42)",1.0,1.0,1.0,1.0,1.0
snp_direct,lodging,xgboost,1110,61139,"KFold(5, shuffle=True, random_state=42)","KFold(3, shuffle=True, random_state=42)",0.8743518577966986,0.0,0.7691969093098011,,0.7638537369913991,1741.1159903999942,"colsample_bytree=0.1, learning_rate=0.05, max_depth=5, n_estimators=400, reg_lambda=1.0, subsample=0.7",53_snp_direct_legacy::snp_blocks_notebook_nested5x3,results\snp_blocks_notebook_nested5x3,1.0,15.0,20.0,"NestedKFold_manual(outer=5, inner=3, random_state=42)",0.9605933655646735,0.957781159037089,0.9562195982233133,0.9585937294853677,2.0
pca50,lodging,random_forest,1110,50,"KFold(5, shuffle=True, random_state=42)","KFold(3, shuffle=True, random_state=42)",0.8732003826219472,0.0,0.7729795255956527,0.5909392225545772,0.7615254722202864,828.2316807999741,"{""model__max_depth"": 15, ""model__max_features"": 0.5, ""model__min_samples_leaf"": 2, ""model__n_estimators"": 300}",40_pca50_ensemble_-_estructura_unificada_+_nested_cv_5x3,outputs_nested5x3\40_pca50_ensemble_-_estructura_unificada_+_nested_cv_5x3,,,,,0.9412845811272845,0.9413377012116472,0.9349285309228738,0.9400346191201475,3.0
pca20,lodging,random_forest,1110,20,"KFold(5, shuffle=True, random_state=42)","KFold(3, shuffle=True, random_state=42)",0.8725729694930571,0.0,0.7737745871963319,0.5951306115154796,0.7610346456390106,950.093090499984,"{""model__max_depth"": null, ""model__max_features"": 0.5, ""model__min_samples_leaf"": 2, ""model__n_estimators"": 500}",40_pca20_ensemble_-_estructura_unificada_+_nested_cv_5x3,outputs_nested5x3\40_pca20_ensemble_-_estructura_unificada_+_nested_cv_5x3,,,,,0.9372140541100901,0.9323780279592373,0.9304533981658532,0.9339275124609016,4.0
snp_direct,lodging,gblup,1110,61139,"KFold(5, shuffle=True, random_state=42)","KFold(3, shuffle=True, random_state=42)",0.8723718291059903,0.0,0.7744385691331145,0.587212508644777,0.7606243536525659,80.40613400000439,"fit_intercept=True, grm=vanraden, jitter=1e-08, optimize_delta=True",54_snp_direct_gblup_legacy::snp_blocks_notebook_nested5x3_gblup,results\snp_blocks_notebook_nested5x3_gblup,1.0,15.0,20.0,"NestedKFold_manual(outer=5, inner=3, random_state=42)",0.9338114172532592,0.9295056746994812,0.9267160684887215,0.9306700504788404,5.0
pca50,lodging,gradient_boosting,1110,50,"KFold(5, shuffle=True, random_state=42)","KFold(3, shuffle=True, random_state=42)",0.8716635087967395,0.0,0.77586653710282,0.585178935498616,0.7597407822326161,2168.025635800004,"{""model__learning_rate"": 0.01, ""model__max_depth"": 5, ""model__min_samples_leaf"": 1, ""model__n_estimators"": 500, ""model__subsample"": 0.7}",40_pca50_ensemble_-_estructura_unificada_+_nested_cv_5x3,outputs_nested5x3\40_pca50_ensemble_-_estructura_unificada_+_nested_cv_5x3,,,,,0.9264837755286051,0.9193906193448703,0.9186785199116714,0.9220854619317245,6.0
pca20,lodging,svr_rbf,1110,20,"KFold(5, shuffle=True, random_state=42)","KFold(3, shuffle=True, random_state=42)",0.8716079407730642,0.0,0.776363253441289,0.5871921613575761,0.7594330517798089,47.22796560000279,"{""model__C"": 1, ""model__epsilon"": 0.5, ""model__gamma"": ""scale""}",10_pca20_svr_-_estructura_unificada_+_nested_cv_5x3,outputs_nested5x3\10_pca20_svr_-_estructura_unificada_+_nested_cv_5x3,,,,,0.923931702821155,0.9185970890336813,0.9158826716964753,0.9201880510812297,7.0
snp_direct,lodging,elasticnet,1110,61139,"KFold(5, shuffle=True, random_state=42)","KFold(3, shuffle=True, random_state=42)",0.8708687688128822,0.0,0.7781022777277776,,0.7583541230446307,139.65002599998843,"alpha=0.1, l1_ratio=0.1",53_snp_direct_legacy::snp_blocks_notebook_nested5x3,results\snp_blocks_notebook_nested5x3,1.0,15.0,20.0,"NestedKFold_manual(outer=5, inner=3, random_state=42)",0.9149839222124638,0.9080414615920154,0.9060942923519412,0.91042901199218,8.0
pca20,lodging,gradient_boosting,1110,20,"KFold(5, shuffle=True, random_state=42)","KFold(3, shuffle=True, random_state=42)",0.8685545162823342,0.0,0.7845767213563047,0.6005931117119025,0.7543160121085932,978.7726953999954,"{""model__learning_rate"": 0.01, ""model__max_depth"": 5, ""model__min_samples_leaf"": 1, ""model__n_estimators"": 500, ""model__subsample"": 0.7}",40_pca20_ensemble_-_estructura_unificada_+_nested_cv_5x3,outputs_nested5x3\40_pca20_ensemble_-_estructura_unificada_+_nested_cv_5x3,,,,,0.881495027579167,0.8749931469449306,0.8696518396655628,0.8765256377427517,9.0
pca50,lodging,xgboost,1110,50,"KFold(5, shuffle=True, random_state=42)","KFold(3, shuffle=True, random_state=42)",0.8681550432597918,0.0,0.785656660737437,0.5925105995986044,0.7536391976924317,62.34701839999616,"{""model__colsample_bytree"": 0.3, ""model__learning_rate"": 0.05, ""model__max_depth"": 5, ""model__n_estimators"": 400, ""model__reg_lambda"": 5.0, ""model__subsample"": 0.7}",45_pca50_blocks_-_estructura_unificada_+_nested_cv_5x3,outputs_nested5x3\45_pca50_blocks_-_estructura_unificada_+_nested_cv_5x3,,,,,0.8758820647289262,0.8692885360747951,0.8635732262650747,0.8707828855745035,10.0
pca20,lodging,xgboost,1110,20,"KFold(5, shuffle=True, random_state=42)","KFold(3, shuffle=True, random_state=42)",0.8669355306451074,0.0,0.7892568578135121,0.6037926299975298,0.7513761745150503,23.179801499994937,"{""model__colsample_bytree"": 0.3, ""model__learning_rate"": 0.05, ""model__max_depth"": 3, ""model__n_estimators"": 400, ""model__reg_lambda"": 5.0, ""model__subsample"": 0.7}",45_pca20_blocks_-_estructura_unificada_+_nested_cv_5x3,outputs_nested5x3\45_pca20_blocks_-_estructura_unificada_+_nested_cv_5x3,,,,,0.857114342410133,0.8518734804254307,0.8433089349785738,0.8522569161299403,11.0
pca50,lodging,svr_rbf,1110,50,"KFold(5, shuffle=True, random_state=42)","KFold(3, shuffle=True, random_state=42)",0.8662731176032064,0.0,0.790897664457907,0.6015024391561473,0.7503413588828953,13.934697399992729,"{""model__C"": 1, ""model__epsilon"": 0.1, ""model__gamma"": ""scale""}",11_pca50_svr_-_estructura_unificada_+_nested_cv_5x3,outputs_nested5x3\11_pca50_svr_-_estructura_unificada_+_nested_cv_5x3,,,,,0.8485324009481348,0.8424139964900735,0.8340733895114091,0.8431932368775652,12.0
pca50,lodging,elasticnet,1110,50,"KFold(5, shuffle=True, random_state=42)","KFold(3, shuffle=True, random_state=42)",0.865532514196902,0.0,0.7997403874628296,0.622787801539813,0.7447274752654545,3.980350899997575,"{""model__alpha"": 0.1, ""model__l1_ratio"": 0.1}",45_pca50_blocks_-_estructura_unificada_+_nested_cv_5x3,outputs_nested5x3\45_pca50_blocks_-_estructura_unificada_+_nested_cv_5x3,,,,,0.8019752954287522,0.8318379275100595,0.784300693475294,0.8103854278705835,13.0
pca50,lodging,adaboost,1110,50,"KFold(5, shuffle=True, random_state=42)","KFold(3, shuffle=True, random_state=42)",0.8544527446735943,2.2054843e-317,0.8344372379318628,0.6477193185741686,0.7220969137118031,91.58226869994542,"{""model__estimator"": ""DecisionTreeRegressor(max_depth=3, random_state=42)"", ""model__learning_rate"": 0.05, ""model__loss"": ""square"", ""model__n_estimators"": 200}",40_pca50_ensemble_-_estructura_unificada_+_nested_cv_5x3,outputs_nested5x3\40_pca50_ensemble_-_estructura_unificada_+_nested_cv_5x3,,,,,0.614295337307973,0.6736150436242043,0.5890038611709966,0.6329649246070703,14.0
pca20,lodging,adaboost,1110,20,"KFold(5, shuffle=True, random_state=42)","KFold(3, shuffle=True, random_state=42)",0.8537838860014734,2.29183486e-316,0.8336476835740154,0.647582415841314,0.7226225752574889,75.32635940000182,"{""model__estimator"": ""DecisionTreeRegressor(max_depth=3, random_state=42)"", ""model__learning_rate"": 0.2, ""model__loss"": ""linear"", ""model__n_estimators"": 100}",40_pca20_ensemble_-_estructura_unificada_+_nested_cv_5x3,outputs_nested5x3\40_pca20_ensemble_-_estructura_unificada_+_nested_cv_5x3,,,,,0.618654757936848,0.6640635138931554,0.5934479955213826,0.6317769078362779,15.0
pca20,lodging,svr_linear,1110,20,"KFold(5, shuffle=True, random_state=42)","KFold(3, shuffle=True, random_state=42)",0.8497961786105552,2.0796934729878e-310,0.8355398629040038,0.6360643789251411,0.7213619864521743,96.47929840002324,"{""model__C"": 0.1, ""model__epsilon"": 0.5}",10_pca20_svr_-_estructura_unificada_+_nested_cv_5x3,outputs_nested5x3\10_pca20_svr_-_estructura_unificada_+_nested_cv_5x3,,,,,0.6082004325491166,0.6071176936613598,0.5827975582539362,0.6026867621349778,16.0
pca50,lodging,ridge,1110,50,"KFold(5, shuffle=True, random_state=42)","KFold(3, shuffle=True, random_state=42)",0.8493579945850006,9.164134465671e-310,0.8368719334398979,0.6247279965870405,0.7204728335289535,3.5265332000053604,"{""model__alpha"": 100.0}",45_pca50_blocks_-_estructura_unificada_+_nested_cv_5x3,outputs_nested5x3\45_pca50_blocks_-_estructura_unificada_+_nested_cv_5x3,,,,,0.6008265022558967,0.600860276478618,0.5752997838868312,0.5957346682711722,17.0
pca20,lodging,elasticnet,1110,20,"KFold(5, shuffle=True, random_state=42)","KFold(3, shuffle=True, random_state=42)",0.8387979204515535,7.778984529101394e-295,0.8618102242605281,0.6404853923286616,0.7035651221141899,2.4366104999935487,"{""model__alpha"": 0.01, ""model__l1_ratio"": 0.5}",45_pca20_blocks_-_estructura_unificada_+_nested_cv_5x3,outputs_nested5x3\45_pca20_blocks_-_estructura_unificada_+_nested_cv_5x3,,,,,0.46060733170115337,0.45005881983030194,0.4349305822297754,0.4512525770585373,18.0
pca50,lodging,svr_linear,1110,50,"KFold(5, shuffle=True, random_state=42)","KFold(3, shuffle=True, random_state=42)",0.8391176353497752,2.850553911657809e-295,0.8689320165994796,0.6271751147908566,0.6986455456442595,685.0773103000247,"{""model__C"": 0.1, ""model__epsilon"": 0.5}",11_pca50_svr_-_estructura_unificada_+_nested_cv_5x3,outputs_nested5x3\11_pca50_svr_-_estructura_unificada_+_nested_cv_5x3,,,,,0.41980825989466847,0.4546244575099932,0.3948444226699161,0.4287419714958479,19.0
pca20,lodging,ridge,1110,20,"KFold(5, shuffle=True, random_state=42)","KFold(3, shuffle=True, random_state=42)",0.8231520684424132,1.3495257201280326e-274,0.8991020310856362,0.6488571430918207,0.6773557173381006,1.8596331999942777,"{""model__alpha"": 100.0}",45_pca20_blocks_-_estructura_unificada_+_nested_cv_5x3,outputs_nested5x3\45_pca20_blocks_-_estructura_unificada_+_nested_cv_5x3,,,,,0.24324728170481058,0.226630722293625,0.22502761854875103,0.23295672530912442,20.0
pca50,lodging,decision_tree,1110,50,"KFold(5, shuffle=True, random_state=42)","KFold(3, shuffle=True, random_state=42)",0.8084048118788874,2.8483640780592055e-257,0.9384098411836888,0.697344660089945,0.6485276837611669,200.35026089998428,"{""model__ccp_alpha"": 0.01, ""model__max_depth"": 5, ""model__max_features"": null, ""model__min_samples_leaf"": 10, ""model__min_samples_split"": 2}",21_pca50_tree_-_estructura_unificada_+_nested_cv_5x3,outputs_nested5x3\21_pca50_tree_-_estructura_unificada_+_nested_cv_5x3,,,,,0.0041703979254781275,0.016034873889273302,0.003777254518737483,0.008837559629648068,21.0
pca20,lodging,decision_tree,1110,20,"KFold(5, shuffle=True, random_state=42)","KFold(3, shuffle=True, random_state=42)",0.807281948341925,5.1487315694750127e-256,0.9390809162527196,0.7091228277958084,0.6480248146860629,125.81820109998807,"{""model__ccp_alpha"": 0.001, ""model__max_depth"": 5, ""model__max_features"": null, ""model__min_samples_leaf"": 5, ""model__min_samples_split"": 2}",20_pca20_tree_-_estructura_unificada_+_nested_cv_5x3,outputs_nested5x3\20_pca20_tree_-_estructura_unificada_+_nested_cv_5x3,,,,,0.0,0.0,0.0,0.0,22.0
snp_direct,plant_height,gblup,1110,61139,"KFold(5, shuffle=True, random_state=42)","KFold(3, shuffle=True, random_state=42)",0.8157712105074558,9.90205479575484e-266,8.2895698850206,6.110733144553868,0.6654130943313126,75.82588360000227,"fit_intercept=True, grm=vanraden, jitter=1e-08, optimize_delta=True",54_snp_direct_gblup_legacy::snp_blocks_notebook_nested5x3_gblup,results\snp_blocks_notebook_nested5x3_gblup,1.0,15.0,20.0,"NestedKFold_manual(outer=5, inner=3, random_state=42)",1.0,1.0,1.0,1.0,1.0
snp_direct,plant_height,elasticnet,1110,61139,"KFold(5, shuffle=True, random_state=42)","KFold(3, shuffle=True, random_state=42)",0.8106606698220638,8.01102990314925e-260,8.402719838015537,,0.6562167497007332,162.28656469998532,"alpha=0.1, l1_ratio=0.1",53_snp_direct_legacy::snp_blocks_notebook_nested5x3,results\snp_blocks_notebook_nested5x3,1.0,15.0,20.0,"NestedKFold_manual(outer=5, inner=3, random_state=42)",0.9542643058546096,0.9592515681983498,0.9485487618837399,0.9551161019979318,2.0
snp_direct,plant_height,ridge,1110,61139,"KFold(5, shuffle=True, random_state=42)","KFold(3, shuffle=True, random_state=42)",0.8025876862028078,7.564804070211493e-251,8.573038418135264,,0.6421389054537542,553.6492192000151,alpha=1.0,53_snp_direct_legacy::snp_blocks_notebook_nested5x3,results\snp_blocks_notebook_nested5x3,1.0,15.0,20.0,"NestedKFold_manual(outer=5, inner=3, random_state=42)",0.8842517079616019,0.8948823668366644,0.8711019615147164,0.8858740222222499,3.0
snp_direct,plant_height,xgboost,1110,61139,"KFold(5, shuffle=True, random_state=42)","KFold(3, shuffle=True, random_state=42)",0.8019804729266251,3.443330245648311e-250,8.585322395628712,,0.6411126398951372,1769.826567799988,"colsample_bytree=0.1, learning_rate=0.05, max_depth=5, n_estimators=400, reg_lambda=1.0, subsample=0.7",53_snp_direct_legacy::snp_blocks_notebook_nested5x3,results\snp_blocks_notebook_nested5x3,1.0,15.0,20.0,"NestedKFold_manual(outer=5, inner=3, random_state=42)",0.8791478357616868,0.8900408069515598,0.8655162247618391,0.8807787020376665,4.0
pca50,plant_height,random_forest,1110,50,"KFold(5, shuffle=True, random_state=42)","KFold(3, shuffle=True, random_state=42)",0.7957630677865566,1.4025488707634918e-243,8.702831161110172,6.537820704139651,0.6312211019542431,816.7538175000227,"{""model__max_depth"": null, ""model__max_features"": 0.5, ""model__min_samples_leaf"": 3, ""model__n_estimators"": 300}",40_pca50_ensemble_-_estructura_unificada_+_nested_cv_5x3,outputs_nested5x3\40_pca50_ensemble_-_estructura_unificada_+_nested_cv_5x3,,,,,0.8299547735108479,0.8404668919923299,0.8120829593162506,0.8305852580645212,5.0
pca50,plant_height,gradient_boosting,1110,50,"KFold(5, shuffle=True, random_state=42)","KFold(3, shuffle=True, random_state=42)",0.7934226228195442,3.7659178938388175e-241,8.725019954069657,6.55086078643241,0.6293382227230466,1279.4844327000028,"{""model__learning_rate"": 0.01, ""model__max_depth"": 4, ""model__min_samples_leaf"": 2, ""model__n_estimators"": 500, ""model__subsample"": 0.7}",40_pca50_ensemble_-_estructura_unificada_+_nested_cv_5x3,outputs_nested5x3\40_pca50_ensemble_-_estructura_unificada_+_nested_cv_5x3,,,,,0.8205907498590632,0.8218055667050815,0.8019933318806837,0.8173571930017947,6.0
pca20,plant_height,random_forest,1110,20,"KFold(5, shuffle=True, random_state=42)","KFold(3, shuffle=True, random_state=42)",0.7935928998807116,2.51314982207208e-241,8.728224173384692,6.530883619506678,0.6290659254177393,713.9215786000132,"{""model__max_depth"": 15, ""model__max_features"": 0.3, ""model__min_samples_leaf"": 2, ""model__n_estimators"": 300}",40_pca20_ensemble_-_estructura_unificada_+_nested_cv_5x3,outputs_nested5x3\40_pca20_ensemble_-_estructura_unificada_+_nested_cv_5x3,,,,,0.8192365480786363,0.8231632553806059,0.8005363180102317,0.8170671849857434,7.0
pca20,plant_height,svr_rbf,1110,20,"KFold(5, shuffle=True, random_state=42)","KFold(3, shuffle=True, random_state=42)",0.7903791176010909,4.8727249320147414e-238,8.797274213093985,6.433293797806189,0.6231737013197702,32.895191100018565,"{""model__C"": 100, ""model__epsilon"": 0.5, ""model__gamma"": 0.01}",10_pca20_svr_-_estructura_unificada_+_nested_cv_5x3,outputs_nested5x3\10_pca20_svr_-_estructura_unificada_+_nested_cv_5x3,,,,,0.7899330617472596,0.7975384543843435,0.7691380722223703,0.7888162208971154,8.0
pca50,plant_height,xgboost,1110,50,"KFold(5, shuffle=True, random_state=42)","KFold(3, shuffle=True, random_state=42)",0.7889857225807233,1.2451869707304831e-236,8.80632546531322,6.534034863108495,0.6223978918136025,54.8961369000026,"{""model__colsample_bytree"": 0.3, ""model__learning_rate"": 0.05, ""model__max_depth"": 5, ""model__n_estimators"": 400, ""model__reg_lambda"": 5.0, ""model__subsample"": 0.7}",45_pca50_blocks_-_estructura_unificada_+_nested_cv_5x3,outputs_nested5x3\45_pca50_blocks_-_estructura_unificada_+_nested_cv_5x3,,,,,0.7860747693806176,0.7864283457959305,0.765022311491979,0.7820057083690151,9.0
pca20,plant_height,gradient_boosting,1110,20,"KFold(5, shuffle=True, random_state=42)","KFold(3, shuffle=True, random_state=42)",0.7887058802869694,2.380209425407285e-236,8.810626102230753,6.583301691769147,0.6220289919580921,966.8884144999902,"{""model__learning_rate"": 0.01, ""model__max_depth"": 4, ""model__min_samples_leaf"": 1, ""model__n_estimators"": 500, ""model__subsample"": 0.7}",40_pca20_ensemble_-_estructura_unificada_+_nested_cv_5x3,outputs_nested5x3\40_pca20_ensemble_-_estructura_unificada_+_nested_cv_5x3,,,,,0.7842401392487934,0.7841970486936801,0.7630667375987626,0.779988222696742,10.0
pca50,plant_height,svr_rbf,1110,50,"KFold(5, shuffle=True, random_state=42)","KFold(3, shuffle=True, random_state=42)",0.7891555067592371,8.40055648484483e-237,8.824755409433171,6.4684010976644615,0.6208157409155882,13.366031499987002,"{""model__C"": 10, ""model__epsilon"": 0.5, ""model__gamma"": 0.01}",11_pca50_svr_-_estructura_unificada_+_nested_cv_5x3,outputs_nested5x3\11_pca50_svr_-_estructura_unificada_+_nested_cv_5x3,,,,,0.7782063420358197,0.7877821045164006,0.7566418975520155,0.7777237581312914,11.0
pca20,plant_height,xgboost,1110,20,"KFold(5, shuffle=True, random_state=42)","KFold(3, shuffle=True, random_state=42)",0.7856645658605594,2.554399427357249e-233,8.868678423509593,6.561200305513655,0.61703175765167,21.18280809999851,"{""model__colsample_bytree"": 0.3, ""model__learning_rate"": 0.05, ""model__max_depth"": 5, ""model__n_estimators"": 400, ""model__reg_lambda"": 5.0, ""model__subsample"": 0.7}",45_pca20_blocks_-_estructura_unificada_+_nested_cv_5x3,outputs_nested5x3\45_pca20_blocks_-_estructura_unificada_+_nested_cv_5x3,,,,,0.7593876582911526,0.7599474044542401,0.7366693443497098,0.755067893968099,12.0
pca50,plant_height,elasticnet,1110,50,"KFold(5, shuffle=True, random_state=42)","KFold(3, shuffle=True, random_state=42)",0.7779029348862809,8.359337880352001e-226,9.011155163931244,6.700645362548628,0.604628025219788,4.051486600001226,"{""model__alpha"": 0.1, ""model__l1_ratio"": 0.5}",45_pca50_blocks_-_estructura_unificada_+_nested_cv_5x3,outputs_nested5x3\45_pca50_blocks_-_estructura_unificada_+_nested_cv_5x3,,,,,0.6977008321059455,0.698060745117196,0.6718827094158808,0.6926811727724327,13.0
pca50,plant_height,ridge,1110,50,"KFold(5, shuffle=True, random_state=42)","KFold(3, shuffle=True, random_state=42)",0.776182087327852,3.525007108815372e-224,9.066502888553709,6.773124608728247,0.5997562540075052,2.794423999999708,"{""model__alpha"": 100.0}",45_pca50_blocks_-_estructura_unificada_+_nested_cv_5x3,outputs_nested5x3\45_pca50_blocks_-_estructura_unificada_+_nested_cv_5x3,,,,,0.6734723101157637,0.6843397234695034,0.6467151429841828,0.6724678420309435,14.0
pca50,plant_height,svr_linear,1110,50,"KFold(5, shuffle=True, random_state=42)","KFold(3, shuffle=True, random_state=42)",0.7750574765704048,3.993053633281333e-223,9.059344334226738,6.708792757690783,0.6003880379540731,175.7975380999851,"{""model__C"": 0.1, ""model__epsilon"": 0.5}",11_pca50_svr_-_estructura_unificada_+_nested_cv_5x3,outputs_nested5x3\11_pca50_svr_-_estructura_unificada_+_nested_cv_5x3,,,,,0.6766143277876676,0.6753727417792436,0.6499702612895489,0.6707888800846743,15.0
pca20,plant_height,elasticnet,1110,20,"KFold(5, shuffle=True, random_state=42)","KFold(3, shuffle=True, random_state=42)",0.7554664076854735,1.0815973306141825e-205,9.400181504986763,6.996533965895556,0.5697534220851644,2.6078970999951707,"{""model__alpha"": 0.1, ""model__l1_ratio"": 0.5}",45_pca20_blocks_-_estructura_unificada_+_nested_cv_5x3,outputs_nested5x3\45_pca20_blocks_-_estructura_unificada_+_nested_cv_5x3,,,,,0.5242608136552096,0.5191651341065515,0.49498571231292704,0.5163675215672898,16.0
pca20,plant_height,ridge,1110,20,"KFold(5, shuffle=True, random_state=42)","KFold(3, shuffle=True, random_state=42)",0.7536514468126917,3.676117429917003e-204,9.428206508933467,7.0528643116444805,0.5671841874491361,1.7682921000014176,"{""model__alpha"": 100.0}",45_pca20_blocks_-_estructura_unificada_+_nested_cv_5x3,outputs_nested5x3\45_pca20_blocks_-_estructura_unificada_+_nested_cv_5x3,,,,,0.5114833749856748,0.5046937084981793,0.48224225893000344,0.5029192851795423,17.0
pca20,plant_height,svr_linear,1110,20,"KFold(5, shuffle=True, random_state=42)","KFold(3, shuffle=True, random_state=42)",0.7496668855252678,7.600031605094988e-201,9.51818695853828,7.000909460852409,0.5588833930471973,23.12375339999562,"{""model__C"": 0.1, ""model__epsilon"": 0.1}",10_pca20_svr_-_estructura_unificada_+_nested_cv_5x3,outputs_nested5x3\10_pca20_svr_-_estructura_unificada_+_nested_cv_5x3,,,,,0.4702014734061635,0.4729231711176261,0.44132659422237014,0.4655151766539899,18.0
pca20,plant_height,adaboost,1110,20,"KFold(5, shuffle=True, random_state=42)","KFold(3, shuffle=True, random_state=42)",0.747482256464934,4.699509881188854e-199,9.585879271171075,7.377774834674198,0.5525867349423841,110.5597623999929,"{""model__estimator"": ""DecisionTreeRegressor(max_depth=3, random_state=42)"", ""model__learning_rate"": 0.05, ""model__loss"": ""linear"", ""model__n_estimators"": 200}",40_pca20_ensemble_-_estructura_unificada_+_nested_cv_5x3,outputs_nested5x3\40_pca20_ensemble_-_estructura_unificada_+_nested_cv_5x3,,,,,0.4388866368283519,0.45550422980455346,0.41054573038881575,0.4398654927309253,19.0
pca50,plant_height,adaboost,1110,50,"KFold(5, shuffle=True, random_state=42)","KFold(3, shuffle=True, random_state=42)",0.7472360089336232,7.4610369732324905e-199,9.654918160894749,7.503867549501697,0.5461188570548249,91.03295349999098,"{""model__estimator"": ""DecisionTreeRegressor(max_depth=3, random_state=42)"", ""model__learning_rate"": 0.1, ""model__loss"": ""linear"", ""model__n_estimators"": 200}",40_pca50_ensemble_-_estructura_unificada_+_nested_cv_5x3,outputs_nested5x3\40_pca50_ensemble_-_estructura_unificada_+_nested_cv_5x3,,,,,0.406720281964756,0.45354079748815945,0.37915255469201414,0.41993494271956905,20.0
pca20,plant_height,decision_tree,1110,20,"KFold(5, shuffle=True, random_state=42)","KFold(3, shuffle=True, random_state=42)",0.7133059215222992,3.0229805829717086e-173,10.13974381115392,7.513458536675443,0.4993907030553266,144.46516979997978,"{""model__ccp_alpha"": 0.0, ""model__max_depth"": 5, ""model__max_features"": ""sqrt"", ""model__min_samples_leaf"": 2, ""model__min_samples_split"": 10}",20_pca20_tree_-_estructura_unificada_+_nested_cv_5x3,outputs_nested5x3\20_pca20_tree_-_estructura_unificada_+_nested_cv_5x3,,,,,0.1743296262042717,0.1830023284654256,0.1586939569100848,0.1746715732498959,21.0
pca50,plant_height,decision_tree,1110,50,"KFold(5, shuffle=True, random_state=42)","KFold(3, shuffle=True, random_state=42)",0.6903543426812659,6.011093180268164e-158,10.488738595776647,7.910513687229484,0.4643372212649743,222.71762309997573,"{""model__ccp_alpha"": 0.0, ""model__max_depth"": 5, ""model__max_features"": null, ""model__min_samples_leaf"": 10, ""model__min_samples_split"": 2}",21_pca50_tree_-_estructura_unificada_+_nested_cv_5x3,outputs_nested5x3\21_pca50_tree_-_estructura_unificada_+_nested_cv_5x3,,,,,0.0,0.0,0.0,0.0,22.0
snp_direct,puccinia_hordei,gblup,1110,61139,"KFold(5, shuffle=True, random_state=42)","KFold(3, shuffle=True, random_state=42)",0.7551005779668721,2.207014567994201e-205,0.7795443953634316,0.5956109720568853,0.5698892460810736,82.05345180000586,"fit_intercept=True, grm=vanraden, jitter=1e-08, optimize_delta=True",54_snp_direct_gblup_legacy::snp_blocks_notebook_nested5x3_gblup,results\snp_blocks_notebook_nested5x3_gblup,1.0,15.0,20.0,"NestedKFold_manual(outer=5, inner=3, random_state=42)",1.0,1.0,1.0,1.0,1.0
snp_direct,puccinia_hordei,xgboost,1110,61139,"KFold(5, shuffle=True, random_state=42)","KFold(3, shuffle=True, random_state=42)",0.7341394465828697,1.6759776188526876e-188,0.807653921917471,,0.5383113406680755,1747.8644006999966,"colsample_bytree=0.1, learning_rate=0.05, max_depth=5, n_estimators=400, reg_lambda=1.0, subsample=0.7",53_snp_direct_legacy::snp_blocks_notebook_nested5x3,results\snp_blocks_notebook_nested5x3,1.0,15.0,20.0,"NestedKFold_manual(outer=5, inner=3, random_state=42)",0.9066881888861359,0.8905686809369456,0.8929092903947005,0.8974846060081728,2.0
snp_direct,puccinia_hordei,ridge,1110,61139,"KFold(5, shuffle=True, random_state=42)","KFold(3, shuffle=True, random_state=42)",0.7290973304710477,1.1142232908349014e-184,0.8138608350226726,,0.5311878121852935,78.09537860000273,alpha=1.0,53_snp_direct_legacy::snp_blocks_notebook_nested5x3,results\snp_blocks_notebook_nested5x3,1.0,15.0,20.0,"NestedKFold_manual(outer=5, inner=3, random_state=42)",0.8856383651072612,0.8642454158956865,0.8692624058548059,0.8738059935721403,3.0
pca50,puccinia_hordei,gradient_boosting,1110,50,"KFold(5, shuffle=True, random_state=42)","KFold(3, shuffle=True, random_state=42)",0.7192849302824953,1.7548202910009895e-177,0.8261854707950047,0.6369036593434994,0.5168814637544004,1110.4047198999906,"{""model__learning_rate"": 0.005, ""model__max_depth"": 5, ""model__min_samples_leaf"": 2, ""model__n_estimators"": 500, ""model__subsample"": 0.7}",40_pca50_ensemble_-_estructura_unificada_+_nested_cv_5x3,outputs_nested5x3\40_pca50_ensemble_-_estructura_unificada_+_nested_cv_5x3,,,,,0.8433635129581654,0.813018033359104,0.8223084314451501,0.8270143048159379,4.0
pca50,puccinia_hordei,random_forest,1110,50,"KFold(5, shuffle=True, random_state=42)","KFold(3, shuffle=True, random_state=42)",0.7153519339534692,1.1044256794399587e-174,0.8306928938451769,0.6373185604342461,0.511595580797009,863.9751632000261,"{""model__max_depth"": 25, ""model__max_features"": 0.5, ""model__min_samples_leaf"": 1, ""model__n_estimators"": 500}",40_pca50_ensemble_-_estructura_unificada_+_nested_cv_5x3,outputs_nested5x3\40_pca50_ensemble_-_estructura_unificada_+_nested_cv_5x3,,,,,0.8277438793681845,0.7924851256514622,0.8051362057939553,0.8091188431666498,5.0
pca50,puccinia_hordei,svr_rbf,1110,50,"KFold(5, shuffle=True, random_state=42)","KFold(3, shuffle=True, random_state=42)",0.7070870023091229,5.923121136768727e-169,0.8424470755532053,0.6486718422633765,0.4976760925513828,13.666076199995588,"{""model__C"": 10, ""model__epsilon"": 0.5, ""model__gamma"": 0.01}",11_pca50_svr_-_estructura_unificada_+_nested_cv_5x3,outputs_nested5x3\11_pca50_svr_-_estructura_unificada_+_nested_cv_5x3,,,,,0.7866121880482503,0.7493365782168012,0.7603555277016909,0.7664506120463589,6.0
pca50,puccinia_hordei,xgboost,1110,50,"KFold(5, shuffle=True, random_state=42)","KFold(3, shuffle=True, random_state=42)",0.7046676320863676,2.5817516664690373e-167,0.8440561956460569,0.6463975432560173,0.4957553275223563,75.55629349999799,"{""model__colsample_bytree"": 0.3, ""model__learning_rate"": 0.05, ""model__max_depth"": 5, ""model__n_estimators"": 400, ""model__reg_lambda"": 5.0, ""model__subsample"": 0.7}",45_pca50_blocks_-_estructura_unificada_+_nested_cv_5x3,outputs_nested5x3\45_pca50_blocks_-_estructura_unificada_+_nested_cv_5x3,,,,,0.7809363820934683,0.7367058251373159,0.7542251571935876,0.7579019143310313,7.0
snp_direct,puccinia_hordei,elasticnet,1110,61139,"KFold(5, shuffle=True, random_state=42)","KFold(3, shuffle=True, random_state=42)",0.7040208118256778,7.03674579330168e-167,0.8457095195387894,,0.4937779798802273,77.67714129999513,"alpha=0.1, l1_ratio=0.1",53_snp_direct_legacy::snp_blocks_notebook_nested5x3,results\snp_blocks_notebook_nested5x3,1.0,15.0,20.0,"NestedKFold_manual(outer=5, inner=3, random_state=42)",0.775093376128518,0.733328984783268,0.7479263805656807,0.7529542204778505,8.0
pca20,puccinia_hordei,svr_rbf,1110,20,"KFold(5, shuffle=True, random_state=42)","KFold(3, shuffle=True, random_state=42)",0.7023483306495792,9.286651611046928e-166,0.8479497043873627,0.6495527475741468,0.4910925829907417,20.296996199991558,"{""model__C"": 1, ""model__epsilon"": 0.5, ""model__gamma"": 0.1}",10_pca20_svr_-_estructura_unificada_+_nested_cv_5x3,outputs_nested5x3\10_pca20_svr_-_estructura_unificada_+_nested_cv_5x3,,,,,0.767158104803831,0.7245974989748124,0.7393918012080541,0.7445806017530682,9.0
pca20,puccinia_hordei,random_forest,1110,20,"KFold(5, shuffle=True, random_state=42)","KFold(3, shuffle=True, random_state=42)",0.6995317096444247,6.874228373242427e-164,0.8494086881614471,0.6556578620929662,0.4893398223661851,710.0268588000035,"{""model__max_depth"": 25, ""model__max_features"": 0.5, ""model__min_samples_leaf"": 3, ""model__n_estimators"": 300}",40_pca20_ensemble_-_estructura_unificada_+_nested_cv_5x3,outputs_nested5x3\40_pca20_ensemble_-_estructura_unificada_+_nested_cv_5x3,,,,,0.7619787470792646,0.7098928274450109,0.7338334148948253,0.7355153127886753,10.0
pca20,puccinia_hordei,gradient_boosting,1110,20,"KFold(5, shuffle=True, random_state=42)","KFold(3, shuffle=True, random_state=42)",0.6901809405356332,7.746003389019484e-158,0.8603702599672856,0.6635054413129102,0.4760746959584788,932.0460072999996,"{""model__learning_rate"": 0.01, ""model__max_depth"": 5, ""model__min_samples_leaf"": 2, ""model__n_estimators"": 300, ""model__subsample"": 0.7}",40_pca20_ensemble_-_estructura_unificada_+_nested_cv_5x3,outputs_nested5x3\40_pca20_ensemble_-_estructura_unificada_+_nested_cv_5x3,,,,,0.7227806763532713,0.6610754721657022,0.692072394807207,0.6919569383690308,11.0
pca20,puccinia_hordei,xgboost,1110,20,"KFold(5, shuffle=True, random_state=42)","KFold(3, shuffle=True, random_state=42)",0.6814499462820871,2.162863415528384e-152,0.8725979020809009,0.67032806577398,0.4610767461019641,24.189956299996997,"{""model__colsample_bytree"": 0.3, ""model__learning_rate"": 0.05, ""model__max_depth"": 5, ""model__n_estimators"": 400, ""model__reg_lambda"": 1.0, ""model__subsample"": 0.7}",45_pca20_blocks_-_estructura_unificada_+_nested_cv_5x3,outputs_nested5x3\45_pca20_blocks_-_estructura_unificada_+_nested_cv_5x3,,,,,0.6784621616892097,0.6154937618851832,0.6454879435099103,0.6466799581317393,12.0
pca50,puccinia_hordei,elasticnet,1110,50,"KFold(5, shuffle=True, random_state=42)","KFold(3, shuffle=True, random_state=42)",0.6738172590483609,8.753820292987452e-148,0.8794778315766352,0.6785389274019491,0.4525450484463915,3.894777800000156,"{""model__alpha"": 0.1, ""model__l1_ratio"": 0.1}",45_pca50_blocks_-_estructura_unificada_+_nested_cv_5x3,outputs_nested5x3\45_pca50_blocks_-_estructura_unificada_+_nested_cv_5x3,,,,,0.6532512381113054,0.5756459589836727,0.6192770242218822,0.6154142836823677,13.0
pca50,puccinia_hordei,adaboost,1110,50,"KFold(5, shuffle=True, random_state=42)","KFold(3, shuffle=True, random_state=42)",0.6728474636462509,3.293510381339846e-147,0.8851032486545122,0.6936002103689733,0.4455192620806003,92.483868899988,"{""model__estimator"": ""DecisionTreeRegressor(max_depth=3, random_state=42)"", ""model__learning_rate"": 0.05, ""model__loss"": ""linear"", ""model__n_estimators"": 200}",40_pca50_ensemble_-_estructura_unificada_+_nested_cv_5x3,outputs_nested5x3\40_pca50_ensemble_-_estructura_unificada_+_nested_cv_5x3,,,,,0.6324902395043104,0.570582969389744,0.5978455032911589,0.6007983842158535,14.0
pca20,puccinia_hordei,adaboost,1110,20,"KFold(5, shuffle=True, random_state=42)","KFold(3, shuffle=True, random_state=42)",0.659450162222452,1.7707335455963255e-139,0.8978993023716512,0.7037167081093598,0.4293709693566269,115.2852679999778,"{""model__estimator"": ""DecisionTreeRegressor(max_depth=3, random_state=42)"", ""model__learning_rate"": 0.1, ""model__loss"": ""linear"", ""model__n_estimators"": 200}",40_pca20_ensemble_-_estructura_unificada_+_nested_cv_5x3,outputs_nested5x3\40_pca20_ensemble_-_estructura_unificada_+_nested_cv_5x3,,,,,0.5847724944302324,0.5006399715699523,0.5490955369734579,0.5439840937947655,15.0
pca50,puccinia_hordei,ridge,1110,50,"KFold(5, shuffle=True, random_state=42)","KFold(3, shuffle=True, random_state=42)",0.6570932152411924,3.6913345105336727e-138,0.896119124207652,0.6820862942773329,0.4316313884303904,2.170548599999165,"{""model__alpha"": 100.0}",45_pca50_blocks_-_estructura_unificada_+_nested_cv_5x3,outputs_nested5x3\45_pca50_blocks_-_estructura_unificada_+_nested_cv_5x3,,,,,0.5914519684134046,0.48833511013877134,0.5558775986506628,0.543090351151003,16.0
pca20,puccinia_hordei,elasticnet,1110,20,"KFold(5, shuffle=True, random_state=42)","KFold(3, shuffle=True, random_state=42)",0.6449865952035013,1.4421674235601845e-131,0.910367698793972,0.7186878360239836,0.4134132158241028,2.6912191999945207,"{""model__alpha"": 0.1, ""model__l1_ratio"": 0.3}",45_pca20_blocks_-_estructura_unificada_+_nested_cv_5x3,outputs_nested5x3\45_pca20_blocks_-_estructura_unificada_+_nested_cv_5x3,,,,,0.5376177872400726,0.4251303443344382,0.5015938681730407,0.4854180262644125,17.0
pca20,puccinia_hordei,ridge,1110,20,"KFold(5, shuffle=True, random_state=42)","KFold(3, shuffle=True, random_state=42)",0.6324434941033938,4.78480289188523e-125,0.920873561025334,0.7202013034284654,0.3997963906833094,1.5865174999999,"{""model__alpha"": 100.0}",45_pca20_blocks_-_estructura_unificada_+_nested_cv_5x3,outputs_nested5x3\45_pca20_blocks_-_estructura_unificada_+_nested_cv_5x3,,,,,0.49738045677466375,0.35964685141699076,0.461568994783261,0.43512472223331405,18.0
pca20,puccinia_hordei,decision_tree,1110,20,"KFold(5, shuffle=True, random_state=42)","KFold(3, shuffle=True, random_state=42)",0.6289976743348548,2.623728444866338e-123,0.928671150382216,0.7206844611745735,0.3895887872553949,134.36545109999133,"{""model__ccp_alpha"": 0.0, ""model__max_depth"": 3, ""model__max_features"": null, ""model__min_samples_leaf"": 10, ""model__min_samples_split"": 2}",20_pca20_tree_-_estructura_unificada_+_nested_cv_5x3,outputs_nested5x3\20_pca20_tree_-_estructura_unificada_+_nested_cv_5x3,,,,,0.46721727937155694,0.34165733569778833,0.43186200644840317,0.4099222473174188,19.0
pca50,puccinia_hordei,decision_tree,1110,50,"KFold(5, shuffle=True, random_state=42)","KFold(3, shuffle=True, random_state=42)",0.6052433261400866,6.8099529388221725e-112,0.9596005008396444,0.7396211218693184,0.3482522715341458,226.1020065000048,"{""model__ccp_alpha"": 0.0, ""model__max_depth"": 3, ""model__max_features"": null, ""model__min_samples_leaf"": 5, ""model__min_samples_split"": 2}",21_pca50_tree_-_estructura_unificada_+_nested_cv_5x3,outputs_nested5x3\21_pca50_tree_-_estructura_unificada_+_nested_cv_5x3,,,,,0.34506905273525895,0.217643530869463,0.3140284285064431,0.28789071914317743,20.0
pca20,puccinia_hordei,svr_linear,1110,20,"KFold(5, shuffle=True, random_state=42)","KFold(3, shuffle=True, random_state=42)",0.5845248378058352,1.0716662668808717e-102,0.97976182329767,0.7237643481146259,0.3205779766442967,158.21327620002558,"{""model__C"": 0.1, ""model__epsilon"": 0.5}",10_pca20_svr_-_estructura_unificada_+_nested_cv_5x3,outputs_nested5x3\10_pca20_svr_-_estructura_unificada_+_nested_cv_5x3,,,,,0.26329229953718175,0.10947897305651981,0.2372185141003623,0.1965522118575531,21.0
pca50,puccinia_hordei,svr_linear,1110,50,"KFold(5, shuffle=True, random_state=42)","KFold(3, shuffle=True, random_state=42)",0.5635545784900253,4.870960942447032e-94,1.042027729890224,0.7047135487132787,0.2314765088717933,602.6464956999989,"{""model__C"": 0.1, ""model__epsilon"": 0.5}",11_pca50_svr_-_estructura_unificada_+_nested_cv_5x3,outputs_nested5x3\11_pca50_svr_-_estructura_unificada_+_nested_cv_5x3,,,,,0.0,0.0,0.0,0.0,22.0
snp_direct,ramularia_collo_cygni,gblup,1110,61139,"KFold(5, shuffle=True, random_state=42)","KFold(3, shuffle=True, random_state=42)",0.3851505379723871,1.4419877747333559e-40,1.0354704290635364,0.7994025849722277,0.1467774307659416,74.72838629999023,"fit_intercept=True, grm=vanraden, jitter=1e-08, optimize_delta=True",54_snp_direct_gblup_legacy::snp_blocks_notebook_nested5x3_gblup,results\snp_blocks_notebook_nested5x3_gblup,1.0,15.0,20.0,"NestedKFold_manual(outer=5, inner=3, random_state=42)",1.0,1.0,1.0,1.0,1.0
pca20,ramularia_collo_cygni,svr_rbf,1110,20,"KFold(5, shuffle=True, random_state=42)","KFold(3, shuffle=True, random_state=42)",0.3617207838327954,1.2004815841365192e-35,1.0466269896979128,0.8121917032276322,0.1282924795408779,18.624296199996024,"{""model__C"": 1, ""model__epsilon"": 0.5, ""model__gamma"": 0.01}",10_pca20_svr_-_estructura_unificada_+_nested_cv_5x3,outputs_nested5x3\10_pca20_svr_-_estructura_unificada_+_nested_cv_5x3,,,,,0.9085853956629502,0.8629913332793038,0.9039742058558103,0.8894255327480637,2.0
pca20,ramularia_collo_cygni,elasticnet,1110,20,"KFold(5, shuffle=True, random_state=42)","KFold(3, shuffle=True, random_state=42)",0.3575054438639063,8.35932300729943e-35,1.0476704792448008,0.8187642553420006,0.1265534241945579,2.527495599999384,"{""model__alpha"": 0.1, ""model__l1_ratio"": 0.3}",45_pca20_blocks_-_estructura_unificada_+_nested_cv_5x3,outputs_nested5x3\45_pca20_blocks_-_estructura_unificada_+_nested_cv_5x3,,,,,0.8999851535271461,0.8383415607946653,0.8949927719081172,0.8743292401103482,3.0
pca50,ramularia_collo_cygni,elasticnet,1110,50,"KFold(5, shuffle=True, random_state=42)","KFold(3, shuffle=True, random_state=42)",0.348121688474148,5.66534554198145e-33,1.0510525178421648,0.8183921062918245,0.1209050870153466,3.848774500002037,"{""model__alpha"": 0.1, ""model__l1_ratio"": 0.3}",45_pca50_blocks_-_estructura_unificada_+_nested_cv_5x3,outputs_nested5x3\45_pca50_blocks_-_estructura_unificada_+_nested_cv_5x3,,,,,0.8720521337364451,0.7834687777887425,0.8658831786578917,0.8353850003416534,4.0
pca20,ramularia_collo_cygni,random_forest,1110,20,"KFold(5, shuffle=True, random_state=42)","KFold(3, shuffle=True, random_state=42)",0.3461196702291273,1.3674576050808939e-32,1.0557450424350152,0.8180133967798886,0.1130379575490411,768.0995349999866,"{""model__max_depth"": 15, ""model__max_features"": ""sqrt"", ""model__min_samples_leaf"": 3, ""model__n_estimators"": 500}",40_pca20_ensemble_-_estructura_unificada_+_nested_cv_5x3,outputs_nested5x3\40_pca20_ensemble_-_estructura_unificada_+_nested_cv_5x3,,,,,0.8331464034115773,0.7717617044295182,0.8254940824716379,0.8070620596307658,5.0
snp_direct,ramularia_collo_cygni,xgboost,1110,61139,"KFold(5, shuffle=True, random_state=42)","KFold(3, shuffle=True, random_state=42)",0.3456882462274929,1.6520273804285676e-32,1.0566170222890785,,0.1115722013355461,1683.4270282999787,"colsample_bytree=0.1, learning_rate=0.05, max_depth=5, n_estimators=400, reg_lambda=1.0, subsample=0.7",53_snp_direct_legacy::snp_blocks_notebook_nested5x3,results\snp_blocks_notebook_nested5x3,1.0,15.0,20.0,"NestedKFold_manual(outer=5, inner=3, random_state=42)",0.8258977218933086,0.7692388940362431,0.8179888520777692,0.8016524167873746,6.0
pca20,ramularia_collo_cygni,gradient_boosting,1110,20,"KFold(5, shuffle=True, random_state=42)","KFold(3, shuffle=True, random_state=42)",0.3343283251404014,2.1575720034300026e-30,1.0565754738106596,0.8197146893927952,0.1116420697868288,939.8680821000016,"{""model__learning_rate"": 0.005, ""model__max_depth"": 4, ""model__min_samples_leaf"": 2, ""model__n_estimators"": 300, ""model__subsample"": 0.7}",40_pca20_ensemble_-_estructura_unificada_+_nested_cv_5x3,outputs_nested5x3\40_pca20_ensemble_-_estructura_unificada_+_nested_cv_5x3,,,,,0.8262432460308562,0.7028102139518583,0.8183464645863554,0.7752906769103568,7.0
pca50,ramularia_collo_cygni,ridge,1110,50,"KFold(5, shuffle=True, random_state=42)","KFold(3, shuffle=True, random_state=42)",0.332084854738055,5.5142270346255736e-30,1.0576514795694136,0.8213206073367108,0.1098317590218871,2.1179612999985693,"{""model__alpha"": 300.0}",45_pca50_blocks_-_estructura_unificada_+_nested_cv_5x3,outputs_nested5x3\45_pca50_blocks_-_estructura_unificada_+_nested_cv_5x3,,,,,0.8172906207147633,0.6896912163379046,0.8090851598819555,0.7646097667974584,8.0
snp_direct,ramularia_collo_cygni,ridge,1110,61139,"KFold(5, shuffle=True, random_state=42)","KFold(3, shuffle=True, random_state=42)",0.3428604768465219,5.662179783471676e-32,1.0654794029360142,,0.0966063148681004,49.93105049998849,alpha=1.0,53_snp_direct_legacy::snp_blocks_notebook_nested5x3,results\snp_blocks_notebook_nested5x3,1.0,15.0,20.0,"NestedKFold_manual(outer=5, inner=3, random_state=42)",0.7518861341256463,0.752703128856114,0.7417093276329435,0.7501775707192928,9.0
pca50,ramularia_collo_cygni,random_forest,1110,50,"KFold(5, shuffle=True, random_state=42)","KFold(3, shuffle=True, random_state=42)",0.3298375825073268,1.40058000482752e-29,1.0609656297568506,0.8200397253903149,0.1042443354741208,851.444096399995,"{""model__max_depth"": 15, ""model__max_features"": ""sqrt"", ""model__min_samples_leaf"": 3, ""model__n_estimators"": 500}",40_pca50_ensemble_-_estructura_unificada_+_nested_cv_5x3,outputs_nested5x3\40_pca50_ensemble_-_estructura_unificada_+_nested_cv_5x3,,,,,0.7896588403187179,0.676549987016585,0.7805598899451657,0.7425955089231544,10.0
pca50,ramularia_collo_cygni,gradient_boosting,1110,50,"KFold(5, shuffle=True, random_state=42)","KFold(3, shuffle=True, random_state=42)",0.3168241880756506,2.6589406363381928e-27,1.0632753925075522,0.8225861939433832,0.1003399013676963,1110.9210623999825,"{""model__learning_rate"": 0.005, ""model__max_depth"": 5, ""model__min_samples_leaf"": 2, ""model__n_estimators"": 300, ""model__subsample"": 0.7}",40_pca50_ensemble_-_estructura_unificada_+_nested_cv_5x3,outputs_nested5x3\40_pca50_ensemble_-_estructura_unificada_+_nested_cv_5x3,,,,,0.7703500363812247,0.6004523971753986,0.7606794976191138,0.7004568729464721,11.0
pca20,ramularia_collo_cygni,xgboost,1110,20,"KFold(5, shuffle=True, random_state=42)","KFold(3, shuffle=True, random_state=42)",0.3182009497067257,1.5449812553168889e-27,1.0744521238636329,0.8311302169930792,0.08132675056208,24.364234799999394,"{""model__colsample_bytree"": 0.1, ""model__learning_rate"": 0.05, ""model__max_depth"": 3, ""model__n_estimators"": 400, ""model__reg_lambda"": 5.0, ""model__subsample"": 0.7}",45_pca20_blocks_-_estructura_unificada_+_nested_cv_5x3,outputs_nested5x3\45_pca20_blocks_-_estructura_unificada_+_nested_cv_5x3,,,,,0.6763232987970099,0.6085031976380062,0.6644800917648651,0.6468266169269795,12.0
pca50,ramularia_collo_cygni,svr_rbf,1110,50,"KFold(5, shuffle=True, random_state=42)","KFold(3, shuffle=True, random_state=42)",0.3073489450246894,1.0332440818535168e-25,1.0708660410314106,0.8298232604177377,0.0874488299913687,13.742032999987714,"{""model__C"": 1, ""model__epsilon"": 0.5, ""model__gamma"": 0.01}",11_pca50_svr_-_estructura_unificada_+_nested_cv_5x3,outputs_nested5x3\11_pca50_svr_-_estructura_unificada_+_nested_cv_5x3,,,,,0.7065991411259631,0.5450446276558265,0.6953459170954722,0.6397266909318103,13.0
pca20,ramularia_collo_cygni,ridge,1110,20,"KFold(5, shuffle=True, random_state=42)","KFold(3, shuffle=True, random_state=42)",0.3100626353533289,3.671766075626893e-26,1.077802334042234,0.8282177465237088,0.0755888554795082,1.450822300001164,"{""model__alpha"": 100.0}",45_pca20_blocks_-_estructura_unificada_+_nested_cv_5x3,outputs_nested5x3\45_pca20_blocks_-_estructura_unificada_+_nested_cv_5x3,,,,,0.647947383582822,0.560913300097057,0.6356444493573962,0.6106731633434308,14.0
pca20,ramularia_collo_cygni,adaboost,1110,20,"KFold(5, shuffle=True, random_state=42)","KFold(3, shuffle=True, random_state=42)",0.2927445291344502,2.250734168775159e-23,1.072218294413499,0.8400800644034544,0.0851426974115151,98.15732850000497,"{""model__estimator"": ""DecisionTreeRegressor(max_depth=3, random_state=42)"", ""model__learning_rate"": 0.05, ""model__loss"": ""linear"", ""model__n_estimators"": 200}",40_pca20_ensemble_-_estructura_unificada_+_nested_cv_5x3,outputs_nested5x3\40_pca20_ensemble_-_estructura_unificada_+_nested_cv_5x3,,,,,0.6951945020349898,0.4596433239359961,0.6837069174830736,0.5986765138850091,15.0
pca50,ramularia_collo_cygni,xgboost,1110,50,"KFold(5, shuffle=True, random_state=42)","KFold(3, shuffle=True, random_state=42)",0.3010064785641717,1.1119877780044821e-24,1.0861317005923898,0.8409996603437873,0.0612457588193008,49.77635990000272,"{""model__colsample_bytree"": 0.1, ""model__learning_rate"": 0.05, ""model__max_depth"": 3, ""model__n_estimators"": 400, ""model__reg_lambda"": 5.0, ""model__subsample"": 0.7}",45_pca50_blocks_-_estructura_unificada_+_nested_cv_5x3,outputs_nested5x3\45_pca50_blocks_-_estructura_unificada_+_nested_cv_5x3,,,,,0.5770157110997965,0.507956194362885,0.5639526382420375,0.5467792898334801,16.0
pca50,ramularia_collo_cygni,adaboost,1110,50,"KFold(5, shuffle=True, random_state=42)","KFold(3, shuffle=True, random_state=42)",0.2526946965684158,1.2462572914711397e-17,1.0848535705049005,0.8471144856232845,0.0634538594840677,88.48443360003876,"{""model__estimator"": ""DecisionTreeRegressor(max_depth=3, random_state=42)"", ""model__learning_rate"": 0.05, ""model__loss"": ""linear"", ""model__n_estimators"": 100}",40_pca50_ensemble_-_estructura_unificada_+_nested_cv_5x3,outputs_nested5x3\40_pca50_ensemble_-_estructura_unificada_+_nested_cv_5x3,,,,,0.5879355477901066,0.22544649329203972,0.5749536501751031,0.44034354646787915,17.0
snp_direct,ramularia_collo_cygni,elasticnet,1110,61139,"KFold(5, shuffle=True, random_state=42)","KFold(3, shuffle=True, random_state=42)",0.2778358871004204,4.006000366350447e-21,1.1143385507606065,,0.0118537117125114,81.08749760000501,"alpha=0.1, l1_ratio=0.1",53_snp_direct_legacy::snp_blocks_notebook_nested5x3,results\snp_blocks_notebook_nested5x3,1.0,15.0,20.0,"NestedKFold_manual(outer=5, inner=3, random_state=42)",0.3327546152121323,0.3724630165572287,0.32117305083377456,0.3463216628744993,18.0
pca50,ramularia_collo_cygni,svr_linear,1110,50,"KFold(5, shuffle=True, random_state=42)","KFold(3, shuffle=True, random_state=42)",0.3001729249206434,1.5129520482437843e-24,1.1253506781624276,0.8473991089433651,-0.0077729267137678,416.41138350000256,"{""model__C"": 0.1, ""model__epsilon"": 0.5}",11_pca50_svr_-_estructura_unificada_+_nested_cv_5x3,outputs_nested5x3\11_pca50_svr_-_estructura_unificada_+_nested_cv_5x3,,,,,0.23569396493722367,0.5030818763201274,0.22639041005122224,0.3407884185131849,19.0
pca20,ramularia_collo_cygni,decision_tree,1110,20,"KFold(5, shuffle=True, random_state=42)","KFold(3, shuffle=True, random_state=42)",0.2537597170449932,9.019076068571624e-18,1.1148995485694086,0.8694212039630174,0.0108585250317859,122.31573709999792,"{""model__ccp_alpha"": 0.01, ""model__max_depth"": 3, ""model__max_features"": ""sqrt"", ""model__min_samples_leaf"": 10, ""model__min_samples_split"": 2}",20_pca20_tree_-_estructura_unificada_+_nested_cv_5x3,outputs_nested5x3\20_pca20_tree_-_estructura_unificada_+_nested_cv_5x3,,,,,0.32783306602585843,0.23167434505082285,0.31634447849245756,0.2870718601291641,20.0
pca50,ramularia_collo_cygni,decision_tree,1110,50,"KFold(5, shuffle=True, random_state=42)","KFold(3, shuffle=True, random_state=42)",0.2141412529367533,5.585655647291372e-13,1.112911021152822,0.8713150914558281,0.0143838306763016,187.9125781999901,"{""model__ccp_alpha"": 0.01, ""model__max_depth"": 3, ""model__max_features"": null, ""model__min_samples_leaf"": 10, ""model__min_samples_split"": 2}",21_pca50_tree_-_estructura_unificada_+_nested_cv_5x3,outputs_nested5x3\21_pca50_tree_-_estructura_unificada_+_nested_cv_5x3,,,,,0.3452669459824155,0.0,0.3334599615354005,0.20479877070004632,21.0
pca20,ramularia_collo_cygni,svr_linear,1110,20,"KFold(5, shuffle=True, random_state=42)","KFold(3, shuffle=True, random_state=42)",0.2854973555072591,2.905582394976992e-22,1.151653385255745,0.8357154274476261,-0.0554326138885081,134.7123244999966,"{""model__C"": 0.1, ""model__epsilon"": 0.5}",10_pca20_svr_-_estructura_unificada_+_nested_cv_5x3,outputs_nested5x3\10_pca20_svr_-_estructura_unificada_+_nested_cv_5x3,,,,,0.0,0.4172644927182584,0.0,0.16690579708730335,22.0
snp_direct,rhynchosporium,xgboost,1110,61139,"KFold(5, shuffle=True, random_state=42)","KFold(3, shuffle=True, random_state=42)",0.2856545604784612,2.750920411498821e-22,0.8824664254264136,,0.0704011753348398,1592.1469702000031,"colsample_bytree=0.1, learning_rate=0.05, max_depth=5, n_estimators=400, reg_lambda=1.0, subsample=0.7",53_snp_direct_legacy::snp_blocks_notebook_nested5x3,results\snp_blocks_notebook_nested5x3,1.0,15.0,20.0,"NestedKFold_manual(outer=5, inner=3, random_state=42)",1.0,1.0,1.0,1.0,1.0
snp_direct,rhynchosporium,gblup,1110,61139,"KFold(5, shuffle=True, random_state=42)","KFold(3, shuffle=True, random_state=42)",0.2739478058051922,1.470277909440009e-20,0.8834207988137073,0.5453959944964601,0.0683893954156649,80.14039390000107,"fit_intercept=True, grm=vanraden, jitter=1e-08, optimize_delta=True",54_snp_direct_gblup_legacy::snp_blocks_notebook_nested5x3_gblup,results\snp_blocks_notebook_nested5x3_gblup,1.0,15.0,20.0,"NestedKFold_manual(outer=5, inner=3, random_state=42)",0.9887932485061486,0.9454621630999477,0.9882824164898593,0.9713586479404104,2.0
snp_direct,rhynchosporium,ridge,1110,61139,"KFold(5, shuffle=True, random_state=42)","KFold(3, shuffle=True, random_state=42)",0.2520519458023546,1.5137385927954897e-17,0.8987169184768824,,0.0358490830171477,108.9596166999836,alpha=1.0,53_snp_direct_legacy::snp_blocks_notebook_nested5x3,results\snp_blocks_notebook_nested5x3,1.0,15.0,20.0,"NestedKFold_manual(outer=5, inner=3, random_state=42)",0.8075253120352279,0.8434567077069313,0.800480072123762,0.8204888223216161,3.0
pca20,rhynchosporium,ridge,1110,20,"KFold(5, shuffle=True, random_state=42)","KFold(3, shuffle=True, random_state=42)",0.2138637946782554,5.991840192432745e-13,0.8943331886028384,0.5570846806717364,0.0452319464443266,1.5040124000006472,"{""model__alpha"": 300.0}",45_pca20_blocks_-_estructura_unificada_+_nested_cv_5x3,outputs_nested5x3\45_pca20_blocks_-_estructura_unificada_+_nested_cv_5x3,,,,,0.859793165853088,0.6655509417070453,0.8543025294228617,0.7809981489086256,4.0
pca50,rhynchosporium,ridge,1110,50,"KFold(5, shuffle=True, random_state=42)","KFold(3, shuffle=True, random_state=42)",0.2097558292071325,1.675082435335487e-12,0.895027538041326,0.561704345763215,0.0437488302620265,1.9058960000038496,"{""model__alpha"": 1000.0}",45_pca50_blocks_-_estructura_unificada_+_nested_cv_5x3,outputs_nested5x3\45_pca50_blocks_-_estructura_unificada_+_nested_cv_5x3,,,,,0.8515313702495392,0.6464133107317663,0.8457774619398201,0.7683333647804863,5.0
pca20,rhynchosporium,elasticnet,1110,20,"KFold(5, shuffle=True, random_state=42)","KFold(3, shuffle=True, random_state=42)",0.2094290420045866,1.8161870347993208e-12,0.8954144193921717,0.5595290316162577,0.042921960279973,2.4157556999998637,"{""model__alpha"": 0.1, ""model__l1_ratio"": 0.1}",45_pca20_blocks_-_estructura_unificada_+_nested_cv_5x3,outputs_nested5x3\45_pca20_blocks_-_estructura_unificada_+_nested_cv_5x3,,,,,0.8469252369850221,0.6448909189459225,0.8410274190348032,0.7649319461793386,6.0
pca50,rhynchosporium,random_forest,1110,50,"KFold(5, shuffle=True, random_state=42)","KFold(3, shuffle=True, random_state=42)",0.2179625199301687,2.1034778258734667e-13,0.9047035457399762,0.568142422416262,0.0229612946329241,789.1961623999814,"{""model__max_depth"": 15, ""model__max_features"": ""sqrt"", ""model__min_samples_leaf"": 3, ""model__n_estimators"": 500}",40_pca50_ensemble_-_estructura_unificada_+_nested_cv_5x3,outputs_nested5x3\40_pca50_ensemble_-_estructura_unificada_+_nested_cv_5x3,,,,,0.73573304472471,0.6846455256054669,0.726977598319132,0.7135469477958971,7.0
pca50,rhynchosporium,elasticnet,1110,50,"KFold(5, shuffle=True, random_state=42)","KFold(3, shuffle=True, random_state=42)",0.1870455136548749,3.3810233856671663e-10,0.8992451052588052,0.5715174536712023,0.0347154637286651,4.264201400001184,"{""model__alpha"": 1.0, ""model__l1_ratio"": 0.05}",45_pca50_blocks_-_estructura_unificada_+_nested_cv_5x3,outputs_nested5x3\45_pca50_blocks_-_estructura_unificada_+_nested_cv_5x3,,,,,0.8012104117155789,0.5406135805669346,0.7939951126639395,0.6955286194457934,8.0
pca20,rhynchosporium,gradient_boosting,1110,20,"KFold(5, shuffle=True, random_state=42)","KFold(3, shuffle=True, random_state=42)",0.1864292452556941,3.870726361392892e-10,0.9002536339157288,0.5622229498422954,0.0325490620999631,968.1537111999932,"{""model__learning_rate"": 0.005, ""model__max_depth"": 3, ""model__min_samples_leaf"": 2, ""model__n_estimators"": 300, ""model__subsample"": 0.7}",40_pca20_ensemble_-_estructura_unificada_+_nested_cv_5x3,outputs_nested5x3\40_pca20_ensemble_-_estructura_unificada_+_nested_cv_5x3,,,,,0.7891423298854873,0.5377425931430739,0.7816126228363643,0.6870764937786974,9.0
pca20,rhynchosporium,random_forest,1110,20,"KFold(5, shuffle=True, random_state=42)","KFold(3, shuffle=True, random_state=42)",0.2103053618850929,1.4616385503155932e-12,0.9065590327019848,0.5586723991181288,0.0189495017341544,804.2622588000086,"{""model__max_depth"": 25, ""model__max_features"": ""sqrt"", ""model__min_samples_leaf"": 3, ""model__n_estimators"": 300}",40_pca20_ensemble_-_estructura_unificada_+_nested_cv_5x3,outputs_nested5x3\40_pca20_ensemble_-_estructura_unificada_+_nested_cv_5x3,,,,,0.7133850902428158,0.6489733988516863,0.7041963433944043,0.6857826643166818,10.0
pca50,rhynchosporium,svr_linear,1110,50,"KFold(5, shuffle=True, random_state=42)","KFold(3, shuffle=True, random_state=42)",0.1900899014273151,1.7215764353798578e-10,0.9029191545133878,0.611969880506765,0.0268116166226093,795.3651468000025,"{""model__C"": 0.1, ""model__epsilon"": 0.5}",11_pca50_svr_-_estructura_unificada_+_nested_cv_5x3,outputs_nested5x3\11_pca50_svr_-_estructura_unificada_+_nested_cv_5x3,,,,,0.7571815149566875,0.5547963603746449,0.7488859556671973,0.6745683412659724,11.0
pca50,rhynchosporium,gradient_boosting,1110,50,"KFold(5, shuffle=True, random_state=42)","KFold(3, shuffle=True, random_state=42)",0.1790982253175909,1.868093956081324e-09,0.9038176411544032,0.5689712909431035,0.0248738311422225,1113.4791140000452,"{""model__learning_rate"": 0.005, ""model__max_depth"": 3, ""model__min_samples_leaf"": 2, ""model__n_estimators"": 300, ""model__subsample"": 0.7}",40_pca50_ensemble_-_estructura_unificada_+_nested_cv_5x3,outputs_nested5x3\40_pca50_ensemble_-_estructura_unificada_+_nested_cv_5x3,,,,,0.7463869543190634,0.5035898342569379,0.737854537158453,0.6475616228620912,12.0
pca20,rhynchosporium,svr_linear,1110,20,"KFold(5, shuffle=True, random_state=42)","KFold(3, shuffle=True, random_state=42)",0.1709858783744133,9.894601454034916e-09,0.9044309524729393,0.6171784767120256,0.0235499826066417,526.2406999999948,"{""model__C"": 0.1, ""model__epsilon"": 0.5}",10_pca20_svr_-_estructura_unificada_+_nested_cv_5x3,outputs_nested5x3\10_pca20_svr_-_estructura_unificada_+_nested_cv_5x3,,,,,0.73901236954846,0.4657971353568839,0.7303244376310136,0.6279886894883403,13.0
pca20,rhynchosporium,svr_rbf,1110,20,"KFold(5, shuffle=True, random_state=42)","KFold(3, shuffle=True, random_state=42)",0.1696786904291045,1.284970750335944e-08,0.9061621212360002,0.6243750354050794,0.0198083646115557,19.766868100006832,"{""model__C"": 1, ""model__epsilon"": 0.5, ""model__gamma"": 0.1}",10_pca20_svr_-_estructura_unificada_+_nested_cv_5x3,outputs_nested5x3\10_pca20_svr_-_estructura_unificada_+_nested_cv_5x3,,,,,0.7181694420213534,0.45970738589610877,0.7090695338151849,0.6129646379300219,14.0
pca50,rhynchosporium,svr_rbf,1110,50,"KFold(5, shuffle=True, random_state=42)","KFold(3, shuffle=True, random_state=42)",0.1689537073280974,1.4840949950985008e-08,0.9090845861517154,0.540561111324855,0.0134757341215927,13.240270999987844,"{""model__C"": 1, ""model__epsilon"": 0.1, ""model__gamma"": 0.1}",11_pca50_svr_-_estructura_unificada_+_nested_cv_5x3,outputs_nested5x3\11_pca50_svr_-_estructura_unificada_+_nested_cv_5x3,,,,,0.6828931100891271,0.4563299332013579,0.6731881616381408,0.5903268496438221,15.0
pca50,rhynchosporium,xgboost,1110,50,"KFold(5, shuffle=True, random_state=42)","KFold(3, shuffle=True, random_state=42)",0.1992496764354264,2.111091775672548e-11,0.9202126142824182,0.5590763926635217,-0.0108240082039194,41.08260470000096,"{""model__colsample_bytree"": 0.1, ""model__learning_rate"": 0.05, ""model__max_depth"": 5, ""model__n_estimators"": 400, ""model__reg_lambda"": 5.0, ""model__subsample"": 0.7}",45_pca50_blocks_-_estructura_unificada_+_nested_cv_5x3,outputs_nested5x3\45_pca50_blocks_-_estructura_unificada_+_nested_cv_5x3,,,,,0.5475298076667022,0.5974686747244298,0.5365607151263857,0.56531153598173,16.0
pca20,rhynchosporium,xgboost,1110,20,"KFold(5, shuffle=True, random_state=42)","KFold(3, shuffle=True, random_state=42)",0.1904822736756225,1.5768606684959826e-10,0.9187019304336602,0.5531263167488524,-0.007507857052361,26.154988299997058,"{""model__colsample_bytree"": 0.1, ""model__learning_rate"": 0.05, ""model__max_depth"": 3, ""model__n_estimators"": 400, ""model__reg_lambda"": 5.0, ""model__subsample"": 0.7}",45_pca20_blocks_-_estructura_unificada_+_nested_cv_5x3,outputs_nested5x3\45_pca20_blocks_-_estructura_unificada_+_nested_cv_5x3,,,,,0.5660026443410069,0.5566242908540594,0.5551085543588263,0.5600724849497918,17.0
pca50,rhynchosporium,adaboost,1110,50,"KFold(5, shuffle=True, random_state=42)","KFold(3, shuffle=True, random_state=42)",0.1545331153407845,2.293368126372654e-07,0.9186391324301236,0.6412286803401654,-0.0073701250688373,81.36019679997116,"{""model__estimator"": ""DecisionTreeRegressor(max_depth=3, random_state=42)"", ""model__learning_rate"": 0.05, ""model__loss"": ""linear"", ""model__n_estimators"": 100}",40_pca50_ensemble_-_estructura_unificada_+_nested_cv_5x3,outputs_nested5x3\40_pca50_ensemble_-_estructura_unificada_+_nested_cv_5x3,,,,,0.5667698893549338,0.389149240024104,0.5558795742348066,0.49354356659857646,18.0
pca20,rhynchosporium,adaboost,1110,20,"KFold(5, shuffle=True, random_state=42)","KFold(3, shuffle=True, random_state=42)",0.1632561729558314,4.5064931594103134e-08,0.9344397160991548,0.6725142185713769,-0.042321656758969,66.2919486000028,"{""model__estimator"": ""DecisionTreeRegressor(max_depth=3, random_state=42)"", ""model__learning_rate"": 0.05, ""model__loss"": ""linear"", ""model__n_estimators"": 100}",40_pca20_ensemble_-_estructura_unificada_+_nested_cv_5x3,outputs_nested5x3\40_pca20_ensemble_-_estructura_unificada_+_nested_cv_5x3,,,,,0.37207009826574744,0.42978703476370617,0.36188353336042733,0.3931195598838669,19.0
pca50,rhynchosporium,decision_tree,1110,50,"KFold(5, shuffle=True, random_state=42)","KFold(3, shuffle=True, random_state=42)",0.0710007469302048,0.0179897562506895,0.922472583624028,0.5885467416436441,-0.0157951125421782,219.8587181999756,"{""model__ccp_alpha"": 0.1, ""model__max_depth"": 3, ""model__max_features"": null, ""model__min_samples_leaf"": 1, ""model__min_samples_split"": 2}",21_pca50_tree_-_estructura_unificada_+_nested_cv_5x3,outputs_nested5x3\21_pca50_tree_-_estructura_unificada_+_nested_cv_5x3,,,,,0.5198379461276325,0.0,0.5088133157927094,0.3096978416095949,20.0
pca20,rhynchosporium,decision_tree,1110,20,"KFold(5, shuffle=True, random_state=42)","KFold(3, shuffle=True, random_state=42)",0.0873659244973129,0.003579368225288,0.9312703021604842,0.57614830053597,-0.0352629963117721,149.9408342000097,"{""model__ccp_alpha"": 0.01, ""model__max_depth"": 3, ""model__max_features"": ""sqrt"", ""model__min_samples_leaf"": 5, ""model__min_samples_split"": 2}",20_pca20_tree_-_estructura_unificada_+_nested_cv_5x3,outputs_nested5x3\20_pca20_tree_-_estructura_unificada_+_nested_cv_5x3,,,,,0.41139082751512585,0.07623986407038154,0.4007968905422421,0.2752116547426514,21.0
snp_direct,rhynchosporium,elasticnet,1110,61139,"KFold(5, shuffle=True, random_state=42)","KFold(3, shuffle=True, random_state=42)",0.1713845070657736,9.133002136872251e-09,0.9639143951778308,,-0.1091138179510102,81.6364802000171,"alpha=0.1, l1_ratio=0.1",53_snp_direct_legacy::snp_blocks_notebook_nested5x3,results\snp_blocks_notebook_nested5x3,1.0,15.0,20.0,"NestedKFold_manual(outer=5, inner=3, random_state=42)",0.0,0.4676542125025022,0.0,0.1870616850010009,22.0
