run_name,trait,model,r2_mean,r2_std,pearson_mean,pearson_std,rmse_mean,rmse_std,n_folds,r2_cv,pearson_cv,rmse_cv
40_pca50_ensemble_-_estructura_unificada_+_nested_cv_5x3,blumeria_graminis,random_forest,0.5346318787547191,0.01913433013493448,0.734651819380412,0.01266478386618179,0.7927305135496702,0.03409812133017844,5,0.03578972914877943,0.01723916491061435,0.0430135093166714
11_pca50_svr_-_estructura_unificada_+_nested_cv_5x3,blumeria_graminis,svr_rbf,0.5304134731517498,0.030341697322436106,0.732266146141626,0.022630453552522387,0.7962140987472356,0.0417373601639509,5,0.05720385860891477,0.03090468359320476,0.05241977029748723
10_pca20_svr_-_estructura_unificada_+_nested_cv_5x3,blumeria_graminis,svr_rbf,0.5282995702478395,0.005375037649410702,0.730970077167344,0.006117073000336994,0.7981462384604807,0.027791898142831787,5,0.010174223020641733,0.008368431474024055,0.034820558944735125
45_pca50_blocks_-_estructura_unificada_+_nested_cv_5x3,blumeria_graminis,elasticnet,0.5251097833492134,0.021297622339818825,0.730240006877071,0.015926776531652812,0.8007807459412349,0.035258355215865185,5,0.04055841847771341,0.02181033137278376,0.04402997374071805
40_pca20_ensemble_-_estructura_unificada_+_nested_cv_5x3,blumeria_graminis,random_forest,0.522934459102924,0.011156742269496608,0.7273694050001892,0.0074477113908806925,0.802574670135626,0.02668715869280072,5,0.02133487681923967,0.010239242040815224,0.033251932419311084
40_pca50_ensemble_-_estructura_unificada_+_nested_cv_5x3,blumeria_graminis,gradient_boosting,0.5214441887210359,0.02562918035891953,0.7274368243451272,0.01843805598482809,0.8039007174678738,0.040036248771492776,5,0.04915038064146635,0.025346607935921986,0.04980247921360107
45_pca50_blocks_-_estructura_unificada_+_nested_cv_5x3,blumeria_graminis,ridge,0.5197895993036237,0.022460620798705422,0.7249939395446374,0.01607244326275064,0.8053071092253201,0.037742733966082076,5,0.043210985423326145,0.022169072575759192,0.04686750375566582
40_pca20_ensemble_-_estructura_unificada_+_nested_cv_5x3,blumeria_graminis,gradient_boosting,0.5190972848140233,0.025618973030125437,0.7261445987543234,0.017764582277134178,0.8057457204377361,0.03661096299424178,5,0.04935293206032455,0.02446424900441141,0.045437365741579375
40_pca50_ensemble_-_estructura_unificada_+_nested_cv_5x3,blumeria_graminis,adaboost,0.508641510145474,0.03533767106809998,0.7195448314182228,0.024416103493743818,0.8142083525321236,0.040651114978328184,5,0.06947461102416362,0.033932706382755445,0.04992716526661318
45_pca20_blocks_-_estructura_unificada_+_nested_cv_5x3,blumeria_graminis,xgboost,0.5075586716971832,0.025665575488385953,0.7184354401007934,0.014716543082783402,0.8153690357490484,0.03674845841395528,5,0.05056671655823547,0.0204841552369949,0.04506972524434396
45_pca50_blocks_-_estructura_unificada_+_nested_cv_5x3,blumeria_graminis,xgboost,0.504938704868937,0.021141836278762836,0.7156204660977444,0.012855356490847685,0.8175340908278912,0.03300387081539559,5,0.041870104380789065,0.017963930742433253,0.04037002393621727
40_pca20_ensemble_-_estructura_unificada_+_nested_cv_5x3,blumeria_graminis,adaboost,0.5043916637784029,0.03282782824510141,0.7180203248611396,0.018798675019300964,0.8178117998817676,0.039604826088422626,5,0.06508400237860361,0.026181257505400703,0.048427799762914114
21_pca50_tree_-_estructura_unificada_+_nested_cv_5x3,blumeria_graminis,decision_tree,0.456613321746483,0.039493044502892184,0.680117414946597,0.03137941562190007,0.8559163764214848,0.03407628726498636,5,0.08649122270860765,0.04613823279964679,0.03981263614496604
20_pca20_tree_-_estructura_unificada_+_nested_cv_5x3,blumeria_graminis,decision_tree,0.455377465024238,0.04238714200329899,0.6791597045077208,0.030417154757075737,0.8573592266576071,0.049757075364843736,5,0.09308133418732718,0.04478645384169719,0.05803527135156685
11_pca50_svr_-_estructura_unificada_+_nested_cv_5x3,blumeria_graminis,svr_linear,0.398326209551448,0.15834538034859777,0.676711037446322,0.06243433706148286,0.8960791426785002,0.12700875307022844,5,0.39752689266144264,0.09226144337336195,0.14173832089270855
10_pca20_svr_-_estructura_unificada_+_nested_cv_5x3,blumeria_graminis,svr_linear,0.3579895148685473,0.29789296919039554,0.6702416058663052,0.08588782451859679,0.9169582499398052,0.2125888456500835,5,0.8321276373130118,0.12814457319101294,0.23184135773252398
45_pca20_blocks_-_estructura_unificada_+_nested_cv_5x3,blumeria_graminis,elasticnet,0.34187401722329963,0.3669671659892221,0.6761743266335686,0.09531127175162438,0.9224227355127045,0.2497880656125056,5,1.0733988179907001,0.14095665569875343,0.2707956514901679
45_pca20_blocks_-_estructura_unificada_+_nested_cv_5x3,blumeria_graminis,ridge,0.1880919334958862,0.7110632758145431,0.6611566087089841,0.12601665337311685,0.9931048930400413,0.4073598750368801,5,3.780402820039568,0.19060030817688547,0.4101881663173475
40_pca20_ensemble_-_estructura_unificada_+_nested_cv_5x3,heading_date,random_forest,0.6177153155743095,0.07342590976534788,0.7901905620148876,0.04803526830006011,19.493068521267837,2.0661145306185467,5,0.1188669082894302,0.06078947358922657,0.10599226737259557
45_pca20_blocks_-_estructura_unificada_+_nested_cv_5x3,heading_date,xgboost,0.6153955646554677,0.07576809068995809,0.7873957370356448,0.046783012510411996,19.54727451393024,2.107308969177869,5,0.12312095673353972,0.059414866387947136,0.10780576942714487
40_pca50_ensemble_-_estructura_unificada_+_nested_cv_5x3,heading_date,gradient_boosting,0.6136468821660287,0.07862287069857132,0.7875096994412648,0.05137772962616979,19.58468934718755,2.168480407917469,5,0.12812396344466243,0.0652407578758993,0.11072324760815634
40_pca50_ensemble_-_estructura_unificada_+_nested_cv_5x3,heading_date,random_forest,0.6110941469075856,0.07263896027253915,0.7878489081357422,0.05049350143361736,19.664567687542473,2.0322951524507245,5,0.11886705287577264,0.06409033624619506,0.10334807175741707
40_pca20_ensemble_-_estructura_unificada_+_nested_cv_5x3,heading_date,gradient_boosting,0.6110333430199043,0.07521968610329283,0.7860193025128603,0.04676085501504315,19.65914191581027,2.0717777724782307,5,0.12310242470817596,0.05949072098554231,0.10538495430525714
45_pca50_blocks_-_estructura_unificada_+_nested_cv_5x3,heading_date,xgboost,0.6033072864963287,0.07326582960298056,0.781717066341918,0.04629146171742272,19.861670113928685,2.0204703273830034,5,0.12144031945721644,0.05921766801644207,0.1017271113553577
11_pca50_svr_-_estructura_unificada_+_nested_cv_5x3,heading_date,svr_rbf,0.5994292304468949,0.07572904381755743,0.782492818753162,0.042004965969468434,19.95583371570974,2.1069708903801567,5,0.1263352535562853,0.053680960339546495,0.10558170209253125
10_pca20_svr_-_estructura_unificada_+_nested_cv_5x3,heading_date,svr_rbf,0.5930541255826649,0.08298270285165733,0.7798605133281213,0.046701337922085855,20.100720798762012,2.307788465682001,5,0.13992433282565622,0.05988421919553781,0.11481122934776229
45_pca50_blocks_-_estructura_unificada_+_nested_cv_5x3,heading_date,elasticnet,0.5930078815281575,0.06294909395251409,0.7748659385536893,0.040973279492633255,20.140399033302025,1.7601405839404136,5,0.10615220457154263,0.05287789468344823,0.08739353083471843
45_pca50_blocks_-_estructura_unificada_+_nested_cv_5x3,heading_date,ridge,0.5911194853435499,0.06088063621686682,0.7750259286927358,0.04086025911291665,20.19046824104137,1.7096850675232667,5,0.10299209842741675,0.0527211511256625,0.08467783149515931
11_pca50_svr_-_estructura_unificada_+_nested_cv_5x3,heading_date,svr_linear,0.5775958415574896,0.08526540336760442,0.7736631561997196,0.04080436448104494,20.48850133368805,2.263749358974501,5,0.14762122098678188,0.052741770309288685,0.11048877231700446
45_pca20_blocks_-_estructura_unificada_+_nested_cv_5x3,heading_date,elasticnet,0.5627352876740834,0.0405754753878065,0.7548083227833339,0.025760492671549357,20.903814534867355,1.1439368969957886,5,0.07210401813526646,0.03412852229365766,0.05472383497699491
45_pca20_blocks_-_estructura_unificada_+_nested_cv_5x3,heading_date,ridge,0.5604429462857645,0.04059542167576764,0.7535570507260203,0.0239272538076826,20.95817183260958,1.132319669497218,5,0.07243453048130331,0.03175241182420058,0.054027597375425694
40_pca50_ensemble_-_estructura_unificada_+_nested_cv_5x3,heading_date,adaboost,0.5481013007487844,0.03486871178019977,0.7548956859828118,0.03157973230792901,21.253772584238327,0.9621534798671536,5,0.06361727609944393,0.04183323986918114,0.045269773921486345
40_pca20_ensemble_-_estructura_unificada_+_nested_cv_5x3,heading_date,adaboost,0.5311891836041415,0.01995492821204316,0.7469268861822702,0.022544945485281603,21.656786309984508,0.6766870337051345,5,0.037566518347847584,0.030183604181815503,0.031245957919119282
10_pca20_svr_-_estructura_unificada_+_nested_cv_5x3,heading_date,svr_linear,0.5268624003880212,0.07098235071009303,0.7486427346149328,0.028040656023452185,21.71653158816057,1.7802197258899584,5,0.13472654464963957,0.03745532378388071,0.08197532458914845
20_pca20_tree_-_estructura_unificada_+_nested_cv_5x3,heading_date,decision_tree,0.4791789343277938,0.07113925944394597,0.7056057236861357,0.039989109305909355,22.792838891352204,1.7169048796451885,5,0.14846074054516234,0.05667344802279003,0.07532650442664238
21_pca50_tree_-_estructura_unificada_+_nested_cv_5x3,heading_date,decision_tree,0.44548877528594727,0.08307483901297227,0.6830292292798199,0.047454344308238534,23.51297529747996,1.9672507912788453,5,0.1864802069584105,0.06947630097510465,0.08366660392356591
40_pca50_ensemble_-_estructura_unificada_+_nested_cv_5x3,lodging,random_forest,0.7594964962247522,0.02111112820291143,0.8727251841163742,0.012192275351705924,0.7728105913530992,0.018067127696236196,5,0.027796215397765535,0.013970348941001954,0.02337846802099698
40_pca20_ensemble_-_estructura_unificada_+_nested_cv_5x3,lodging,random_forest,0.7586740490871346,0.024137787769108007,0.8720029826576997,0.01357390906563543,0.7736498424886253,0.015533552723825974,5,0.03181575512982355,0.015566356234544897,0.020078272974061076
40_pca50_ensemble_-_estructura_unificada_+_nested_cv_5x3,lodging,gradient_boosting,0.7573268625503056,0.02401173587886118,0.8710651515646491,0.01352891374094766,0.7757917713672813,0.012042159001701955,5,0.03170590806458578,0.01553146020897102,0.015522411355921516
10_pca20_svr_-_estructura_unificada_+_nested_cv_5x3,lodging,svr_rbf,0.7566331746052718,0.03747445873905499,0.8715346177231484,0.020054639381542717,0.7755403957688076,0.03995303218631396,5,0.04952790863102858,0.023010720370390692,0.05151637800466573
40_pca20_ensemble_-_estructura_unificada_+_nested_cv_5x3,lodging,gradient_boosting,0.7516038438402975,0.027715120674224207,0.8679084432981092,0.01534448087945436,0.7844440619273898,0.01613015038159332,5,0.03687463934805684,0.017679838234024227,0.020562524677618592
45_pca50_blocks_-_estructura_unificada_+_nested_cv_5x3,lodging,xgboost,0.750750383790904,0.03109306005898123,0.8672612681665106,0.017188038089836506,0.7854382132982991,0.020712365022970303,5,0.04141597624229939,0.019818754417770763,0.026370457500396686
45_pca20_blocks_-_estructura_unificada_+_nested_cv_5x3,lodging,xgboost,0.7485972589366063,0.03036226981890249,0.8661219366557168,0.016878157324189798,0.7889373545868825,0.02510573000108731,5,0.04055888457570971,0.019487045195229664,0.03182220978018416
11_pca50_svr_-_estructura_unificada_+_nested_cv_5x3,lodging,svr_rbf,0.7475791174164902,0.032944422934338836,0.8669317804948756,0.018155309792284798,0.7905152575955354,0.027494161962960287,5,0.04406814231005986,0.02094202819732955,0.034780052249197176
45_pca50_blocks_-_estructura_unificada_+_nested_cv_5x3,lodging,elasticnet,0.7425100094091394,0.0284143488034139,0.8657551907848144,0.019984837757399693,0.7992648340005749,0.0308304327984192,5,0.03826796735848038,0.023083705382445665,0.03857348839445753
40_pca20_ensemble_-_estructura_unificada_+_nested_cv_5x3,lodging,adaboost,0.7211327829068562,0.01646283013787531,0.8532799801186366,0.010247980458142937,0.8331746450104841,0.03139409259669124,5,0.022829124577465925,0.012010103010641477,0.03768008638368514
40_pca50_ensemble_-_estructura_unificada_+_nested_cv_5x3,lodging,adaboost,0.7207666646172928,0.011367212069105579,0.8543240033584649,0.0077209273202089555,0.8339988708515296,0.030236308176802246,5,0.015771001389390357,0.009037469730286086,0.03625461524417937
10_pca20_svr_-_estructura_unificada_+_nested_cv_5x3,lodging,svr_linear,0.7184183185351996,0.03321419614036225,0.8490921735595309,0.01995549900314608,0.8351968249307964,0.026765792701654058,5,0.04623239035452698,0.023502158687306488,0.03204728742098827
45_pca50_blocks_-_estructura_unificada_+_nested_cv_5x3,lodging,ridge,0.71649182048948,0.08770124218079488,0.851866475647666,0.049695746339533005,0.831695758040859,0.10390379586589651,5,0.12240368929945455,0.05833748335001656,0.12493005388250639
45_pca20_blocks_-_estructura_unificada_+_nested_cv_5x3,lodging,elasticnet,0.7046051376280976,0.031292396662781205,0.8418293114412204,0.016758129587526364,0.8587255867163567,0.08144959605970084,5,0.04441125247556434,0.019906802198222672,0.09484938765031144
11_pca50_svr_-_estructura_unificada_+_nested_cv_5x3,lodging,svr_linear,0.6987925984839818,0.06184253520156998,0.8398841272073347,0.033301209254232966,0.8639672946852637,0.10370247818799298,5,0.08849912740308966,0.03964976617067582,0.12003055998291111
45_pca20_blocks_-_estructura_unificada_+_nested_cv_5x3,lodging,ridge,0.6771557274323552,0.058985232198293776,0.8265602310396286,0.03349822554634946,0.8949606002066929,0.09637158800699701,5,0.08710733706994472,0.0405272650296956,0.10768249237423391
21_pca50_tree_-_estructura_unificada_+_nested_cv_5x3,lodging,decision_tree,0.6439328181564632,0.05294292353650285,0.8070744747138688,0.02830392778501853,0.9379352495342859,0.0333634851194592,5,0.08221808555755074,0.03506978435299058,0.03557120295460183
20_pca20_tree_-_estructura_unificada_+_nested_cv_5x3,lodging,decision_tree,0.643659060562911,0.054872269985837885,0.8070051463995942,0.031489650780121385,0.9383029739552577,0.04272727958761145,5,0.08525052057505324,0.039020384096198894,0.04553676240362089
40_pca50_ensemble_-_estructura_unificada_+_nested_cv_5x3,plant_height,random_forest,0.6271841053334964,0.019580634057772068,0.7972277034566889,0.013398523029067841,8.695332706257194,0.4038244455889936,5,0.031219914362084062,0.016806394171920223,0.04644151744744626
40_pca50_ensemble_-_estructura_unificada_+_nested_cv_5x3,plant_height,gradient_boosting,0.6250713128332714,0.014522797054514194,0.794549326183956,0.012751124344592668,8.719868979932183,0.33514581104744323,5,0.023233824295481525,0.01604824763471072,0.038434730133989896
40_pca20_ensemble_-_estructura_unificada_+_nested_cv_5x3,plant_height,random_forest,0.6249617374122155,0.016794698605145354,0.7943380972209062,0.012600615842209964,8.721653561289177,0.3785769038596563,5,0.02687316294704266,0.01586303853018612,0.043406551429646285
10_pca20_svr_-_estructura_unificada_+_nested_cv_5x3,plant_height,svr_rbf,0.6200494380909201,0.04409751214576587,0.790552273213553,0.026030131197481553,8.77433431019376,0.7098336013857235,5,0.07111934861442402,0.032926514892772936,0.08089885526256504
45_pca50_blocks_-_estructura_unificada_+_nested_cv_5x3,plant_height,xgboost,0.6175043098617242,0.02839601408332426,0.7897463582605193,0.019235961386478588,8.800931586119535,0.344549375031302,5,0.04598512695349914,0.0243571384473964,0.039149193657488604
40_pca20_ensemble_-_estructura_unificada_+_nested_cv_5x3,plant_height,gradient_boosting,0.617302137189444,0.01579867463766864,0.788545166418039,0.012560100517037045,8.807474859821344,0.2634362041483999,5,0.02559309888282499,0.01592819416304486,0.029910525813722687
11_pca50_svr_-_estructura_unificada_+_nested_cv_5x3,plant_height,svr_rbf,0.6166967421575092,0.04303074461801839,0.7889138439699346,0.027420800716738192,8.808004790581116,0.6076179365153608,5,0.06977618280822374,0.03475766197580277,0.06898474182996814
45_pca20_blocks_-_estructura_unificada_+_nested_cv_5x3,plant_height,xgboost,0.6123358905032115,0.014911857361134442,0.785578668173275,0.008873418246980796,8.865166504368071,0.2790157465426586,5,0.024352414405890904,0.011295391036539178,0.031473266340252166
45_pca50_blocks_-_estructura_unificada_+_nested_cv_5x3,plant_height,elasticnet,0.6007976439736921,0.04134046994124886,0.7778246853072867,0.027574322489482404,8.993393132900337,0.6322552348001799,5,0.06880930768606525,0.03545056233152194,0.07030219022531263
11_pca50_svr_-_estructura_unificada_+_nested_cv_5x3,plant_height,svr_linear,0.5965589660812582,0.037806957243158974,0.7753736371383388,0.024278651710193857,9.042929928438744,0.6094444964811613,5,0.06337505492794694,0.031312196529919116,0.06739458353697335
45_pca50_blocks_-_estructura_unificada_+_nested_cv_5x3,plant_height,ridge,0.5957635020214638,0.04006078471025067,0.7761618101330687,0.026987279664007907,9.050084850144852,0.6097528529364789,5,0.06724276424171985,0.034770172033304604,0.0673753741575936
45_pca20_blocks_-_estructura_unificada_+_nested_cv_5x3,plant_height,elasticnet,0.5657555520740661,0.03755430207829432,0.7558932203136532,0.024848830703684082,9.383686177316283,0.6223403935332615,5,0.06637902525325616,0.03287346682825547,0.06632152671917783
45_pca20_blocks_-_estructura_unificada_+_nested_cv_5x3,plant_height,ridge,0.5630699907590053,0.03681388032933282,0.7558299898760051,0.024758945929634582,9.412496830807953,0.6082571260635131,5,0.06538064704835106,0.03275729497541678,0.06462229278767272
10_pca20_svr_-_estructura_unificada_+_nested_cv_5x3,plant_height,svr_linear,0.5545342165678198,0.0407795878956039,0.7514015310766845,0.025956008723547204,9.501792837049809,0.6243154846281206,5,0.07353845205080603,0.03454345998783739,0.06570501960364387
40_pca20_ensemble_-_estructura_unificada_+_nested_cv_5x3,plant_height,adaboost,0.547661086626033,0.015223764550211781,0.7500036291083283,0.014025205144310323,9.579465935591548,0.3919722412181459,5,0.027797783925092412,0.018700183039093755,0.04091796388792534
40_pca50_ensemble_-_estructura_unificada_+_nested_cv_5x3,plant_height,adaboost,0.5399126557204106,0.027461611748407513,0.7485791632902428,0.02296061549025976,9.652561016223094,0.23851237301607736,5,0.05086306360380685,0.03067226101958352,0.024709750356947627
20_pca20_tree_-_estructura_unificada_+_nested_cv_5x3,plant_height,decision_tree,0.4928995787162683,0.01821972130143033,0.7131637457948043,0.009921314741604528,10.137687484559454,0.228300846584314,5,0.03696436777017067,0.013911692511160189,0.022520012274203093
21_pca50_tree_-_estructura_unificada_+_nested_cv_5x3,plant_height,decision_tree,0.45821481878096365,0.02081692039710315,0.6922056948105298,0.018013802465237098,10.48243351313521,0.4065479265021815,5,0.045430482699107294,0.026023770969072747,0.038783735283677116
40_pca50_ensemble_-_estructura_unificada_+_nested_cv_5x3,puccinia_hordei,gradient_boosting,0.5145560624141379,0.0466999249686508,0.7227772674411977,0.03046662326457442,0.8251366397411234,0.046528995119859425,5,0.09075770043316407,0.042152160336245026,0.0563894425224619
40_pca50_ensemble_-_estructura_unificada_+_nested_cv_5x3,puccinia_hordei,random_forest,0.5095409098721981,0.0528882164761868,0.7210345259108153,0.03373198231490367,0.8293000942870975,0.05375915620019373,5,0.10379581982819024,0.04678275603001566,0.06482473180761839
11_pca50_svr_-_estructura_unificada_+_nested_cv_5x3,puccinia_hordei,svr_rbf,0.49572743192112956,0.04692772606204476,0.7108409673582953,0.024175116877895322,0.8412397635568316,0.05040753067491642,5,0.09466437207273812,0.03400917784428988,0.05992052784308387
45_pca50_blocks_-_estructura_unificada_+_nested_cv_5x3,puccinia_hordei,xgboost,0.4935375663805816,0.04876174725841569,0.708790592383878,0.028907210387849262,0.842888672335043,0.04961788308870298,5,0.09880047757259079,0.04078385167419553,0.058866472782517325
10_pca20_svr_-_estructura_unificada_+_nested_cv_5x3,puccinia_hordei,svr_rbf,0.488188935156676,0.06022669898958399,0.707479689751729,0.03376045596269708,0.8466877547242037,0.051702842894546436,5,0.12336760350837377,0.04771932883973588,0.06106482892431566
40_pca20_ensemble_-_estructura_unificada_+_nested_cv_5x3,puccinia_hordei,random_forest,0.4872073533513771,0.059289165012089466,0.7053678319633755,0.03896698177556347,0.8478197086842576,0.05806097108526697,5,0.12169185174290614,0.05524349142361618,0.06848268622508498
40_pca20_ensemble_-_estructura_unificada_+_nested_cv_5x3,puccinia_hordei,gradient_boosting,0.47394284563925543,0.05114902580005277,0.6958417610376848,0.03359453946385676,0.8590830734510497,0.052598207503591836,5,0.10792235028057617,0.04827899293333355,0.06122598515682298
45_pca20_blocks_-_estructura_unificada_+_nested_cv_5x3,puccinia_hordei,xgboost,0.45854792628956276,0.06670533704532274,0.6861738167388222,0.03950198660548882,0.87094916561132,0.059944241142657374,5,0.14547080734849907,0.057568484313828654,0.0688263374138288
45_pca50_blocks_-_estructura_unificada_+_nested_cv_5x3,puccinia_hordei,elasticnet,0.4499238619763922,0.04841822784802971,0.6790396962764534,0.03499400477425442,0.8784738640647849,0.04696975609137248,5,0.10761426974631152,0.05153454940284893,0.05346744850670776
40_pca50_ensemble_-_estructura_unificada_+_nested_cv_5x3,puccinia_hordei,adaboost,0.44260349990070313,0.03724172657162792,0.6805276042890898,0.03382663061743614,0.8844874353812042,0.03690761153799127,5,0.08414241319823047,0.04970647833275328,0.04172768324525096
45_pca50_blocks_-_estructura_unificada_+_nested_cv_5x3,puccinia_hordei,ridge,0.4287213225809154,0.03767438485096664,0.6603276924881877,0.02303131176119734,0.8954904379618622,0.03752266464354484,5,0.0878761630612765,0.03487860954977189,0.0419018038081417
40_pca20_ensemble_-_estructura_unificada_+_nested_cv_5x3,puccinia_hordei,adaboost,0.42664257769476943,0.04345588305248248,0.6662551513973622,0.03818831550443403,0.8970422188373257,0.04385223516117776,5,0.10185547651451675,0.057317854014847354,0.048885363743543214
45_pca20_blocks_-_estructura_unificada_+_nested_cv_5x3,puccinia_hordei,elasticnet,0.4104868397293485,0.02845336535101267,0.6494771457757933,0.01733477709553263,0.909873662290887,0.033527333565337686,5,0.06931614511630431,0.026690357325547504,0.036848339450690666
45_pca20_blocks_-_estructura_unificada_+_nested_cv_5x3,puccinia_hordei,ridge,0.3962460197131899,0.02410391552940287,0.6360017250681627,0.01846295257379046,0.9206528096653586,0.022542167452379375,5,0.06083068177403958,0.02902972090494207,0.024484981977704566
20_pca20_tree_-_estructura_unificada_+_nested_cv_5x3,puccinia_hordei,decision_tree,0.38495803734794887,0.0678437072463258,0.6323790679916682,0.04509827008767488,0.9278815864102707,0.042805769952589896,5,0.1762366301369218,0.07131524803769922,0.046132793860253374
21_pca50_tree_-_estructura_unificada_+_nested_cv_5x3,puccinia_hordei,decision_tree,0.34472754979080344,0.06255810790369798,0.6074582673364327,0.03643094220538901,0.958530579645412,0.05064890295365164,5,0.1814711587213181,0.05997274901719663,0.05284015349034365
10_pca20_svr_-_estructura_unificada_+_nested_cv_5x3,puccinia_hordei,svr_linear,0.3145861795542263,0.1755723696835435,0.5962077968449648,0.09439428198266374,0.9747860916370261,0.11025711962604912,5,0.5581057945149797,0.15832446754668927,0.11310904061103977
11_pca50_svr_-_estructura_unificada_+_nested_cv_5x3,puccinia_hordei,svr_linear,0.22307503430675987,0.352893280232185,0.5845057632913598,0.13051548613523978,1.0256315825272728,0.20585688834350288,5,1.581948788347631,0.223292043179019,0.2007123141003986
10_pca20_svr_-_estructura_unificada_+_nested_cv_5x3,ramularia_collo_cygni,svr_rbf,0.12663378481405096,0.06214835519831336,0.3771975422325202,0.06846130452633681,1.045370779061671,0.057314808820557804,5,0.49077231079819655,0.18149986906366006,0.05482725361044031
45_pca20_blocks_-_estructura_unificada_+_nested_cv_5x3,ramularia_collo_cygni,elasticnet,0.12394017457575887,0.028434498639057438,0.36761485414275946,0.03515908716193738,1.0471105453071305,0.0382906481342757,5,0.22942116013945704,0.09564109492780101,0.03656791377556471
45_pca50_blocks_-_estructura_unificada_+_nested_cv_5x3,ramularia_collo_cygni,elasticnet,0.11845871376921244,0.04254055833798322,0.36622505232099783,0.05526703720995843,1.0503022996960716,0.044391363398435336,5,0.35911717242568575,0.15091003976843353,0.04226532057606745
40_pca20_ensemble_-_estructura_unificada_+_nested_cv_5x3,ramularia_collo_cygni,random_forest,0.11193108029997845,0.08509056877135628,0.36070158365609095,0.08379303658387474,1.0538893082074068,0.06995463415872934,5,0.7602050167237836,0.23230570748967594,0.0663775916635091
40_pca20_ensemble_-_estructura_unificada_+_nested_cv_5x3,ramularia_collo_cygni,gradient_boosting,0.11009509648729487,0.06387940467052336,0.35491572395135124,0.0880669403446015,1.0552625370624409,0.05887178580144401,5,0.5802202523878539,0.24813479482997758,0.05578875752125796
45_pca50_blocks_-_estructura_unificada_+_nested_cv_5x3,ramularia_collo_cygni,ridge,0.10864680774873418,0.06975204059846919,0.34668387709904147,0.08962137323994908,1.0561190462974608,0.06363187372606453,5,0.6420072714863715,0.2585103581680144,0.06025066392765568
40_pca50_ensemble_-_estructura_unificada_+_nested_cv_5x3,ramularia_collo_cygni,random_forest,0.10289682439681982,0.07145540751836492,0.34385295608729105,0.07787338632267131,1.0594549017091164,0.06327893379589958,5,0.6944374419447424,0.22647292961733984,0.05972782200905181
40_pca50_ensemble_-_estructura_unificada_+_nested_cv_5x3,ramularia_collo_cygni,gradient_boosting,0.09864719311327744,0.06650116601779868,0.3398174860068494,0.09380487427538385,1.0619600805231522,0.059111628375367486,5,0.6741313555818543,0.2760448715505273,0.05566275932542341
11_pca50_svr_-_estructura_unificada_+_nested_cv_5x3,ramularia_collo_cygni,svr_rbf,0.08517386753689929,0.057256050773856246,0.3401938862486468,0.07913145020765665,1.0698581719209084,0.051932285337960515,5,0.6722255596653703,0.2326069144870513,0.0485412802378442
40_pca20_ensemble_-_estructura_unificada_+_nested_cv_5x3,ramularia_collo_cygni,adaboost,0.08324014003837607,0.05695563128775318,0.31702308484644726,0.08237962164759197,1.0711072048202752,0.05455990580419996,5,0.6842327663251769,0.2598537002044921,0.050937857161883954
45_pca20_blocks_-_estructura_unificada_+_nested_cv_5x3,ramularia_collo_cygni,xgboost,0.0802280741560742,0.10410280549721605,0.3359960030040292,0.08544884727728945,1.0721647678881427,0.0783428121657985,5,1.2975857465392524,0.25431507075476956,0.07306975057584794
45_pca20_blocks_-_estructura_unificada_+_nested_cv_5x3,ramularia_collo_cygni,ridge,0.07221871699748592,0.08147446628585245,0.3425374977130381,0.04659592695323019,1.0767204900889609,0.05397751255703131,5,1.1281627488437485,0.1360316089897582,0.05013140648282042
40_pca50_ensemble_-_estructura_unificada_+_nested_cv_5x3,ramularia_collo_cygni,adaboost,0.061479940592262736,0.06604998320761404,0.29931436315892934,0.10598747531378737,1.0836234605170536,0.057743671236295514,5,1.0743338814469585,0.35410086637743593,0.05328757944087237
45_pca50_blocks_-_estructura_unificada_+_nested_cv_5x3,ramularia_collo_cygni,xgboost,0.05964412540383772,0.0926620304189358,0.3136323332529162,0.07817860370542296,1.0842786273839984,0.0709042420274441,5,1.5535818455135497,0.249268316485657,0.06539300898931515
21_pca50_tree_-_estructura_unificada_+_nested_cv_5x3,ramularia_collo_cygni,decision_tree,0.011505351736906146,0.04140424624503397,0.2227407884883609,0.03599389191251233,1.112219968476099,0.04384179978118429,5,3.598694519891993,0.1615954228984565,0.03941828147650851
20_pca20_tree_-_estructura_unificada_+_nested_cv_5x3,ramularia_collo_cygni,decision_tree,0.009331653319795661,0.08423682425569178,0.2629753505351782,0.09029844597034391,1.1132310548981628,0.06816910783664352,5,9.026998900290945,0.343372281039187,0.06123536307822419
11_pca50_svr_-_estructura_unificada_+_nested_cv_5x3,ramularia_collo_cygni,svr_linear,-0.009287348503822596,0.1400807301081657,0.31849581999750914,0.07254181840130028,1.1222737520502712,0.09297697496989737,5,15.0829625969683,0.22776380048525474,0.08284696563564693
10_pca20_svr_-_estructura_unificada_+_nested_cv_5x3,ramularia_collo_cygni,svr_linear,-0.05377911156334224,0.3152129666442674,0.3395107026436711,0.06772394258312447,1.1405815660967715,0.17811236218765267,5,5.861252770473952,0.19947513305406228,0.15615925022984362
45_pca50_blocks_-_estructura_unificada_+_nested_cv_5x3,rhynchosporium,ridge,0.03831313957983862,0.0232187311820208,0.23497554992270303,0.06861162641005314,0.8856066045807586,0.14480692220702565,5,0.606025281056296,0.29199474767746453,0.16351156535872546
45_pca20_blocks_-_estructura_unificada_+_nested_cv_5x3,rhynchosporium,ridge,0.03527971099814656,0.044058412195245596,0.23587819369981214,0.09055731427216406,0.8857816853036381,0.13794318675258554,5,1.2488314373539011,0.38391558308866336,0.15573045711065908
45_pca20_blocks_-_estructura_unificada_+_nested_cv_5x3,rhynchosporium,elasticnet,0.031376710489838276,0.05045308033744947,0.22775558211262079,0.09869784725027261,0.8871474230634104,0.13572229094446,5,1.6079786424325553,0.4333498495833503,0.1529873022409253
45_pca50_blocks_-_estructura_unificada_+_nested_cv_5x3,rhynchosporium,elasticnet,0.027320971055474274,0.03535989123558489,0.21501416969228235,0.09160188753764882,0.8901193720225754,0.1428690960374893,5,1.2942399142324725,0.426027213316894,0.16050554625370608
40_pca20_ensemble_-_estructura_unificada_+_nested_cv_5x3,rhynchosporium,gradient_boosting,0.021526911492981842,0.05471730073810778,0.2082525409628488,0.09005810387716187,0.8918319720581774,0.13735146064611625,5,2.5418091562250624,0.4324466028639131,0.15401046940393423
40_pca50_ensemble_-_estructura_unificada_+_nested_cv_5x3,rhynchosporium,gradient_boosting,0.02030083874191972,0.05422806236913951,0.212894310938482,0.10093919838507388,0.8938460099227494,0.14968984186932077,5,2.6712227538245794,0.47412820915745985,0.16746714781694635
11_pca50_svr_-_estructura_unificada_+_nested_cv_5x3,rhynchosporium,svr_linear,0.017734222400922962,0.053150772058943606,0.20023623879317806,0.08401968009434421,0.8939777639743932,0.14171607665732242,5,2.9970737288248634,0.419602768213836,0.15852304427270036
40_pca50_ensemble_-_estructura_unificada_+_nested_cv_5x3,rhynchosporium,random_forest,0.015582626400605537,0.06912473763310588,0.23769954081150865,0.0734553275411613,0.8951661527914643,0.14648406300266,5,4.436013278892428,0.3090259547426304,0.1636389652869109
10_pca20_svr_-_estructura_unificada_+_nested_cv_5x3,rhynchosporium,svr_linear,0.012930315207399262,0.03489641423688161,0.1723449369660583,0.08801909944310508,0.8959498586835297,0.13815389297840505,5,2.6988061526073577,0.5107147386664431,0.15419824183174988
11_pca50_svr_-_estructura_unificada_+_nested_cv_5x3,rhynchosporium,svr_rbf,0.00810589573726992,0.04811118618402372,0.21777139933801423,0.08045344105586165,0.8991891606636362,0.14955616889508905,5,5.935332471994964,0.3694398865067938,0.16632336713746732
10_pca20_svr_-_estructura_unificada_+_nested_cv_5x3,rhynchosporium,svr_rbf,0.00768737532338048,0.034840649407157864,0.17238902624081998,0.05432761681179338,0.8980359359959091,0.13537562383456794,5,4.532190499557512,0.3151454474596316,0.15074633253338385
40_pca20_ensemble_-_estructura_unificada_+_nested_cv_5x3,rhynchosporium,random_forest,0.006745517332314761,0.0866374915162893,0.2294263799871751,0.07483115602490022,0.8979525520308933,0.13933096423069474,5,12.843713424506046,0.32616631108019606,0.15516517427961068
45_pca20_blocks_-_estructura_unificada_+_nested_cv_5x3,rhynchosporium,xgboost,-0.016551944485201822,0.07806400856261198,0.20136195364912818,0.059295014767618275,0.9093953660327152,0.14583083187703308,5,4.716304397492674,0.29446980272618645,0.16036021000769743
45_pca50_blocks_-_estructura_unificada_+_nested_cv_5x3,rhynchosporium,xgboost,-0.019933990278693837,0.038875479755835746,0.20884529426873638,0.03848673159125618,0.9111442034899824,0.14408112268392362,5,1.9502106308031688,0.1842834511834033,0.15813207408009125
21_pca50_tree_-_estructura_unificada_+_nested_cv_5x3,rhynchosporium,decision_tree,-0.020250903794047842,0.04035545203866136,0.1257736133588706,0.08190106348704858,0.9123858192133081,0.1521010537292968,5,1.9927728880190847,0.6511784252660355,0.1667069462570602
40_pca50_ensemble_-_estructura_unificada_+_nested_cv_5x3,rhynchosporium,adaboost,-0.026766620585285276,0.07792113410281239,0.17488651141942335,0.06910228769640722,0.9115100817403142,0.12770682498273178,5,2.9111308188695615,0.39512645735543295,0.14010467633984433
20_pca20_tree_-_estructura_unificada_+_nested_cv_5x3,rhynchosporium,decision_tree,-0.055431947482935416,0.09792136896314309,0.10351532850484016,0.08314850488983225,0.9240154341970708,0.12971050965360534,5,1.7665150406863828,0.8032482347379538,0.14037699464004963
40_pca20_ensemble_-_estructura_unificada_+_nested_cv_5x3,rhynchosporium,adaboost,-0.07683397084944556,0.1461667473945226,0.18040815854830872,0.09415988034358792,0.9291711503561793,0.11078445496347442,5,1.90237138310778,0.5219269522025208,0.11922933134655268
