representation,trait,model,n_individuos,n_features,cv_outer,cv_inner,pearson_r,pearson_p,rmse,mae,r2,fit_time_s,best_params_mode_outer,run_name,run_path,n_configs_model,fits_por_config,fits_ejecutados_config,cv,r2_norm,pearson_norm,rmse_norm_inv,score_composite,rmse_cutoff
snp_direct,blumeria_graminis,gblup,1110,61139,"KFold(5, shuffle=True, random_state=42)","KFold(3, shuffle=True, random_state=42)",0.7631784297985205,2.3668590705929637e-212,0.7522206688660025,0.5869377568146481,0.5823373942575759,75.79340019999654,"fit_intercept=True, grm=vanraden, jitter=1e-08, optimize_delta=True",54_snp_direct_gblup_legacy::snp_blocks_notebook_nested5x3_gblup,results\snp_blocks_notebook_nested5x3_gblup,1.0,15.0,20.0,"NestedKFold_manual(outer=5, inner=3, random_state=42)",1.0,1.0,1.0,1.0,0.7974498816956852
snp_direct,blumeria_graminis,xgboost,1110,61139,"KFold(5, shuffle=True, random_state=42)","KFold(3, shuffle=True, random_state=42)",0.7486903640637232,4.8281842630515205e-200,0.7717045985656462,,0.5604206877118649,1717.856759599992,"colsample_bytree=0.1, learning_rate=0.05, max_depth=5, n_estimators=400, reg_lambda=1.0, subsample=0.7",53_snp_direct_legacy::snp_blocks_notebook_nested5x3,results\snp_blocks_notebook_nested5x3,1.0,15.0,20.0,"NestedKFold_manual(outer=5, inner=3, random_state=42)",0.9463243093161381,0.9299128349356088,0.9362462902730039,0.9377441157552997,0.7974498816956852
snp_direct,blumeria_graminis,ridge,1110,61139,"KFold(5, shuffle=True, random_state=42)","KFold(3, shuffle=True, random_state=42)",0.7483698648875703,8.841229638855309e-200,0.7723907220976844,,0.5596386791818455,418.5074123000086,alpha=1.0,53_snp_direct_legacy::snp_blocks_notebook_nested5x3,results\snp_blocks_notebook_nested5x3,1.0,15.0,20.0,"NestedKFold_manual(outer=5, inner=3, random_state=42)",0.9444091106122673,0.9283623947958957,0.934001213372566,0.9359088448377785,0.7974498816956852
snp_direct,blumeria_graminis,elasticnet,1110,61139,"KFold(5, shuffle=True, random_state=42)","KFold(3, shuffle=True, random_state=42)",0.7354241942765702,1.7226705221247603e-189,0.7892584921345774,,0.5401950993594071,133.83622109997668,"alpha=0.1, l1_ratio=0.1",53_snp_direct_legacy::snp_blocks_notebook_nested5x3,results\snp_blocks_notebook_nested5x3,1.0,15.0,20.0,"NestedKFold_manual(outer=5, inner=3, random_state=42)",0.8967902964369039,0.8657366882598466,0.8788078857814969,0.8807723710349996,0.7974498816956852
pca50,blumeria_graminis,random_forest,1110,50,"KFold(5, shuffle=True, random_state=42)","KFold(3, shuffle=True, random_state=42)",0.7317775274792232,1.0611997823248258e-186,0.7933169685663618,0.6134363901078733,0.5354541804784856,1117.7758279999834,"{""model__max_depth"": 15, ""model__max_features"": 0.5, ""model__min_samples_leaf"": 3, ""model__n_estimators"": 500}",40_pca50_ensemble_-_estructura_unificada_+_nested_cv_5x3,outputs_nested5x3\40_pca50_ensemble_-_estructura_unificada_+_nested_cv_5x3,,,,,0.8851794234766405,0.8480956489079449,0.865528073528296,0.8664156436594934,0.7974498816956852
pca50,blumeria_graminis,svr_rbf,1110,50,"KFold(5, shuffle=True, random_state=42)","KFold(3, shuffle=True, random_state=42)",0.7293312535338877,7.439351222841981e-185,0.79708876345777,0.6233340618973234,0.5310263491463185,13.973322300007569,"{""model__C"": 1, ""model__epsilon"": 0.5, ""model__gamma"": ""auto""}",11_pca50_svr_-_estructura_unificada_+_nested_cv_5x3,outputs_nested5x3\11_pca50_svr_-_estructura_unificada_+_nested_cv_5x3,,,,,0.8743353258705509,0.8362616050170717,0.8531863169954235,0.8548760357541338,0.7974498816956852
snp_direct,heading_date,xgboost,1110,61139,"KFold(5, shuffle=True, random_state=42)","KFold(3, shuffle=True, random_state=42)",0.8024063197835223,1.1902223064983716e-250,18.977351224782197,,0.6433398493062897,1705.786745099991,"colsample_bytree=0.1, learning_rate=0.05, max_depth=5, n_estimators=400, reg_lambda=1.0, subsample=0.7",53_snp_direct_legacy::snp_blocks_notebook_nested5x3,results\snp_blocks_notebook_nested5x3,1.0,15.0,20.0,"NestedKFold_manual(outer=5, inner=3, random_state=42)",1.0,1.0,1.0,1.0,19.64857609073872
snp_direct,heading_date,elasticnet,1110,61139,"KFold(5, shuffle=True, random_state=42)","KFold(3, shuffle=True, random_state=42)",0.8005641948500251,1.1568081659949167e-248,19.04970250486346,,0.6406151266963738,184.6162142000103,"alpha=0.1, l1_ratio=0.1",53_snp_direct_legacy::snp_blocks_notebook_nested5x3,results\snp_blocks_notebook_nested5x3,1.0,15.0,20.0,"NestedKFold_manual(outer=5, inner=3, random_state=42)",0.9859495491311163,0.985195107623205,0.9842761418905485,0.9853130910798382,19.64857609073872
snp_direct,heading_date,gblup,1110,61139,"KFold(5, shuffle=True, random_state=42)","KFold(3, shuffle=True, random_state=42)",0.7972507952980223,3.857790834136004e-245,19.19990061560429,12.98729048201484,0.6349256175343062,70.76490539999213,"fit_intercept=True, grm=vanraden, jitter=1e-08, optimize_delta=True",54_snp_direct_gblup_legacy::snp_blocks_notebook_nested5x3_gblup,results\snp_blocks_notebook_nested5x3_gblup,1.0,15.0,20.0,"NestedKFold_manual(outer=5, inner=3, random_state=42)",0.9566107207825825,0.9585657933586222,0.9516340963186688,0.9563974249202156,19.64857609073872
snp_direct,heading_date,ridge,1110,61139,"KFold(5, shuffle=True, random_state=42)","KFold(3, shuffle=True, random_state=42)",0.7952181219434242,5.191628517567807e-243,19.29864377949587,,0.6311608796358437,164.90041740000015,alpha=1.0,53_snp_direct_legacy::snp_blocks_notebook_nested5x3,results\snp_blocks_notebook_nested5x3,1.0,15.0,20.0,"NestedKFold_manual(outer=5, inner=3, random_state=42)",0.9371972712504836,0.942229490806725,0.9301745796858514,0.9378056207600537,19.64857609073872
pca20,heading_date,random_forest,1110,20,"KFold(5, shuffle=True, random_state=42)","KFold(3, shuffle=True, random_state=42)",0.7882798296254394,6.3706925126075165e-236,19.58046944732811,12.650953185142406,0.6203096165365298,944.8232774999924,"{""model__max_depth"": null, ""model__max_features"": 0.5, ""model__min_samples_leaf"": 2, ""model__n_estimators"": 500}",40_pca20_ensemble_-_estructura_unificada_+_nested_cv_5x3,outputs_nested5x3\40_pca20_ensemble_-_estructura_unificada_+_nested_cv_5x3,,,,,0.8812410654747546,0.8864674362475391,0.8689263639304663,0.8808686734750107,19.64857609073872
pca20,heading_date,xgboost,1110,20,"KFold(5, shuffle=True, random_state=42)","KFold(3, shuffle=True, random_state=42)",0.7862197770934484,7.206544481159384e-234,19.63793629168321,12.71355186848748,0.6180776345626733,24.61277049999626,"{""model__colsample_bytree"": 0.3, ""model__learning_rate"": 0.05, ""model__max_depth"": 5, ""model__n_estimators"": 400, ""model__reg_lambda"": 5.0, ""model__subsample"": 0.7}",45_pca20_blocks_-_estructura_unificada_+_nested_cv_5x3,outputs_nested5x3\45_pca20_blocks_-_estructura_unificada_+_nested_cv_5x3,,,,,0.8697315074192751,0.869911091196191,0.8564372897133601,0.8671444973888585,19.64857609073872
snp_direct,lodging,ridge,1110,61139,"KFold(5, shuffle=True, random_state=42)","KFold(3, shuffle=True, random_state=42)",0.8773082887245263,0.0,0.7614187900438776,,0.7686054125306541,604.4759736999986,alpha=1.0,53_snp_direct_legacy::snp_blocks_notebook_nested5x3,results\snp_blocks_notebook_nested5x3,1.0,15.0,20.0,"NestedKFold_manual(outer=5, inner=3, random_state=42)",1.0,1.0,1.0,1.0,0.7759907161874373
snp_direct,lodging,xgboost,1110,61139,"KFold(5, shuffle=True, random_state=42)","KFold(3, shuffle=True, random_state=42)",0.8743518577966986,0.0,0.7691969093098011,,0.7638537369913991,1741.1159903999942,"colsample_bytree=0.1, learning_rate=0.05, max_depth=5, n_estimators=400, reg_lambda=1.0, subsample=0.7",53_snp_direct_legacy::snp_blocks_notebook_nested5x3,results\snp_blocks_notebook_nested5x3,1.0,15.0,20.0,"NestedKFold_manual(outer=5, inner=3, random_state=42)",0.9605933655646735,0.957781159037089,0.9562195982233133,0.9585937294853677,0.7759907161874373
pca50,lodging,random_forest,1110,50,"KFold(5, shuffle=True, random_state=42)","KFold(3, shuffle=True, random_state=42)",0.8732003826219472,0.0,0.7729795255956527,0.5909392225545772,0.7615254722202864,828.2316807999741,"{""model__max_depth"": 15, ""model__max_features"": 0.5, ""model__min_samples_leaf"": 2, ""model__n_estimators"": 300}",40_pca50_ensemble_-_estructura_unificada_+_nested_cv_5x3,outputs_nested5x3\40_pca50_ensemble_-_estructura_unificada_+_nested_cv_5x3,,,,,0.9412845811272845,0.9413377012116472,0.9349285309228738,0.9400346191201475,0.7759907161874373
pca20,lodging,random_forest,1110,20,"KFold(5, shuffle=True, random_state=42)","KFold(3, shuffle=True, random_state=42)",0.8725729694930571,0.0,0.7737745871963319,0.5951306115154796,0.7610346456390106,950.093090499984,"{""model__max_depth"": null, ""model__max_features"": 0.5, ""model__min_samples_leaf"": 2, ""model__n_estimators"": 500}",40_pca20_ensemble_-_estructura_unificada_+_nested_cv_5x3,outputs_nested5x3\40_pca20_ensemble_-_estructura_unificada_+_nested_cv_5x3,,,,,0.9372140541100901,0.9323780279592373,0.9304533981658532,0.9339275124609016,0.7759907161874373
snp_direct,lodging,gblup,1110,61139,"KFold(5, shuffle=True, random_state=42)","KFold(3, shuffle=True, random_state=42)",0.8723718291059903,0.0,0.7744385691331145,0.587212508644777,0.7606243536525659,80.40613400000439,"fit_intercept=True, grm=vanraden, jitter=1e-08, optimize_delta=True",54_snp_direct_gblup_legacy::snp_blocks_notebook_nested5x3_gblup,results\snp_blocks_notebook_nested5x3_gblup,1.0,15.0,20.0,"NestedKFold_manual(outer=5, inner=3, random_state=42)",0.9338114172532592,0.9295056746994812,0.9267160684887215,0.9306700504788404,0.7759907161874373
pca50,lodging,gradient_boosting,1110,50,"KFold(5, shuffle=True, random_state=42)","KFold(3, shuffle=True, random_state=42)",0.8716635087967395,0.0,0.77586653710282,0.585178935498616,0.7597407822326161,2168.025635800004,"{""model__learning_rate"": 0.01, ""model__max_depth"": 5, ""model__min_samples_leaf"": 1, ""model__n_estimators"": 500, ""model__subsample"": 0.7}",40_pca50_ensemble_-_estructura_unificada_+_nested_cv_5x3,outputs_nested5x3\40_pca50_ensemble_-_estructura_unificada_+_nested_cv_5x3,,,,,0.9264837755286051,0.9193906193448703,0.9186785199116714,0.9220854619317245,0.7759907161874373
snp_direct,plant_height,gblup,1110,61139,"KFold(5, shuffle=True, random_state=42)","KFold(3, shuffle=True, random_state=42)",0.8157712105074558,9.90205479575484e-266,8.2895698850206,6.110733144553868,0.6654130943313126,75.82588360000227,"fit_intercept=True, grm=vanraden, jitter=1e-08, optimize_delta=True",54_snp_direct_gblup_legacy::snp_blocks_notebook_nested5x3_gblup,results\snp_blocks_notebook_nested5x3_gblup,1.0,15.0,20.0,"NestedKFold_manual(outer=5, inner=3, random_state=42)",1.0,1.0,1.0,1.0,8.725821008898416
snp_direct,plant_height,elasticnet,1110,61139,"KFold(5, shuffle=True, random_state=42)","KFold(3, shuffle=True, random_state=42)",0.8106606698220638,8.01102990314925e-260,8.402719838015537,,0.6562167497007332,162.28656469998532,"alpha=0.1, l1_ratio=0.1",53_snp_direct_legacy::snp_blocks_notebook_nested5x3,results\snp_blocks_notebook_nested5x3,1.0,15.0,20.0,"NestedKFold_manual(outer=5, inner=3, random_state=42)",0.9542643058546096,0.9592515681983498,0.9485487618837399,0.9551161019979318,8.725821008898416
snp_direct,plant_height,ridge,1110,61139,"KFold(5, shuffle=True, random_state=42)","KFold(3, shuffle=True, random_state=42)",0.8025876862028078,7.564804070211493e-251,8.573038418135264,,0.6421389054537542,553.6492192000151,alpha=1.0,53_snp_direct_legacy::snp_blocks_notebook_nested5x3,results\snp_blocks_notebook_nested5x3,1.0,15.0,20.0,"NestedKFold_manual(outer=5, inner=3, random_state=42)",0.8842517079616019,0.8948823668366644,0.8711019615147164,0.8858740222222499,8.725821008898416
snp_direct,plant_height,xgboost,1110,61139,"KFold(5, shuffle=True, random_state=42)","KFold(3, shuffle=True, random_state=42)",0.8019804729266251,3.443330245648311e-250,8.585322395628712,,0.6411126398951372,1769.826567799988,"colsample_bytree=0.1, learning_rate=0.05, max_depth=5, n_estimators=400, reg_lambda=1.0, subsample=0.7",53_snp_direct_legacy::snp_blocks_notebook_nested5x3,results\snp_blocks_notebook_nested5x3,1.0,15.0,20.0,"NestedKFold_manual(outer=5, inner=3, random_state=42)",0.8791478357616868,0.8900408069515598,0.8655162247618391,0.8807787020376665,8.725821008898416
pca50,plant_height,random_forest,1110,50,"KFold(5, shuffle=True, random_state=42)","KFold(3, shuffle=True, random_state=42)",0.7957630677865566,1.4025488707634918e-243,8.702831161110172,6.537820704139651,0.6312211019542431,816.7538175000227,"{""model__max_depth"": null, ""model__max_features"": 0.5, ""model__min_samples_leaf"": 3, ""model__n_estimators"": 300}",40_pca50_ensemble_-_estructura_unificada_+_nested_cv_5x3,outputs_nested5x3\40_pca50_ensemble_-_estructura_unificada_+_nested_cv_5x3,,,,,0.8299547735108479,0.8404668919923299,0.8120829593162506,0.8305852580645212,8.725821008898416
pca50,plant_height,gradient_boosting,1110,50,"KFold(5, shuffle=True, random_state=42)","KFold(3, shuffle=True, random_state=42)",0.7934226228195442,3.7659178938388175e-241,8.725019954069657,6.55086078643241,0.6293382227230466,1279.4844327000028,"{""model__learning_rate"": 0.01, ""model__max_depth"": 4, ""model__min_samples_leaf"": 2, ""model__n_estimators"": 500, ""model__subsample"": 0.7}",40_pca50_ensemble_-_estructura_unificada_+_nested_cv_5x3,outputs_nested5x3\40_pca50_ensemble_-_estructura_unificada_+_nested_cv_5x3,,,,,0.8205907498590632,0.8218055667050815,0.8019933318806837,0.8173571930017947,8.725821008898416
snp_direct,puccinia_hordei,gblup,1110,61139,"KFold(5, shuffle=True, random_state=42)","KFold(3, shuffle=True, random_state=42)",0.7551005779668721,2.207014567994201e-205,0.7795443953634316,0.5956109720568853,0.5698892460810736,82.05345180000586,"fit_intercept=True, grm=vanraden, jitter=1e-08, optimize_delta=True",54_snp_direct_gblup_legacy::snp_blocks_notebook_nested5x3_gblup,results\snp_blocks_notebook_nested5x3_gblup,1.0,15.0,20.0,"NestedKFold_manual(outer=5, inner=3, random_state=42)",1.0,1.0,1.0,1.0,0.8428493555764183
snp_direct,puccinia_hordei,xgboost,1110,61139,"KFold(5, shuffle=True, random_state=42)","KFold(3, shuffle=True, random_state=42)",0.7341394465828697,1.6759776188526876e-188,0.807653921917471,,0.5383113406680755,1747.8644006999966,"colsample_bytree=0.1, learning_rate=0.05, max_depth=5, n_estimators=400, reg_lambda=1.0, subsample=0.7",53_snp_direct_legacy::snp_blocks_notebook_nested5x3,results\snp_blocks_notebook_nested5x3,1.0,15.0,20.0,"NestedKFold_manual(outer=5, inner=3, random_state=42)",0.9066881888861359,0.8905686809369456,0.8929092903947005,0.8974846060081728,0.8428493555764183
snp_direct,puccinia_hordei,ridge,1110,61139,"KFold(5, shuffle=True, random_state=42)","KFold(3, shuffle=True, random_state=42)",0.7290973304710477,1.1142232908349014e-184,0.8138608350226726,,0.5311878121852935,78.09537860000273,alpha=1.0,53_snp_direct_legacy::snp_blocks_notebook_nested5x3,results\snp_blocks_notebook_nested5x3,1.0,15.0,20.0,"NestedKFold_manual(outer=5, inner=3, random_state=42)",0.8856383651072612,0.8642454158956865,0.8692624058548059,0.8738059935721403,0.8428493555764183
pca50,puccinia_hordei,gradient_boosting,1110,50,"KFold(5, shuffle=True, random_state=42)","KFold(3, shuffle=True, random_state=42)",0.7192849302824953,1.7548202910009895e-177,0.8261854707950047,0.6369036593434994,0.5168814637544004,1110.4047198999906,"{""model__learning_rate"": 0.005, ""model__max_depth"": 5, ""model__min_samples_leaf"": 2, ""model__n_estimators"": 500, ""model__subsample"": 0.7}",40_pca50_ensemble_-_estructura_unificada_+_nested_cv_5x3,outputs_nested5x3\40_pca50_ensemble_-_estructura_unificada_+_nested_cv_5x3,,,,,0.8433635129581654,0.813018033359104,0.8223084314451501,0.8270143048159379,0.8428493555764183
pca50,puccinia_hordei,random_forest,1110,50,"KFold(5, shuffle=True, random_state=42)","KFold(3, shuffle=True, random_state=42)",0.7153519339534692,1.1044256794399587e-174,0.8306928938451769,0.6373185604342461,0.511595580797009,863.9751632000261,"{""model__max_depth"": 25, ""model__max_features"": 0.5, ""model__min_samples_leaf"": 1, ""model__n_estimators"": 500}",40_pca50_ensemble_-_estructura_unificada_+_nested_cv_5x3,outputs_nested5x3\40_pca50_ensemble_-_estructura_unificada_+_nested_cv_5x3,,,,,0.8277438793681845,0.7924851256514622,0.8051362057939553,0.8091188431666498,0.8428493555764183
