representation,model,trait,pearson_r,r2,rmse,mae,source_file,source_notebook,notes
PCA20,ridge,blumeria_graminis,0.5564634667737411,0.1740202162859759,1.05783315452491,0.6605776127168009,C:/Users/Reyes/OneDrive/PC_REYES/Master_Big_Data_Data_Science/14MBID/2026/Code/repo/outputs_nested5x3/45_pca20_blocks_-_estructura_unificada_+_nested_cv_5x3/summary_nested5x3.csv,nested5x3_unificados/45_pca20_blocks_unificado_nested5x3.ipynb,
PCA20,ridge,puccinia_hordei,0.6324434941033938,0.3997963906833094,0.920873561025334,0.7202013034284654,C:/Users/Reyes/OneDrive/PC_REYES/Master_Big_Data_Data_Science/14MBID/2026/Code/repo/outputs_nested5x3/45_pca20_blocks_-_estructura_unificada_+_nested_cv_5x3/summary_nested5x3.csv,nested5x3_unificados/45_pca20_blocks_unificado_nested5x3.ipynb,
PCA20,ridge,ramularia_collo_cygni,0.3100626353533289,0.0755888554795082,1.077802334042234,0.8282177465237088,C:/Users/Reyes/OneDrive/PC_REYES/Master_Big_Data_Data_Science/14MBID/2026/Code/repo/outputs_nested5x3/45_pca20_blocks_-_estructura_unificada_+_nested_cv_5x3/summary_nested5x3.csv,nested5x3_unificados/45_pca20_blocks_unificado_nested5x3.ipynb,
PCA20,ridge,rhynchosporium,0.2138637946782554,0.0452319464443266,0.8943331886028384,0.5570846806717364,C:/Users/Reyes/OneDrive/PC_REYES/Master_Big_Data_Data_Science/14MBID/2026/Code/repo/outputs_nested5x3/45_pca20_blocks_-_estructura_unificada_+_nested_cv_5x3/summary_nested5x3.csv,nested5x3_unificados/45_pca20_blocks_unificado_nested5x3.ipynb,
PCA20,ridge,heading_date,0.751540274747138,0.5639832563590161,20.9826281678996,15.407312699649529,C:/Users/Reyes/OneDrive/PC_REYES/Master_Big_Data_Data_Science/14MBID/2026/Code/repo/outputs_nested5x3/45_pca20_blocks_-_estructura_unificada_+_nested_cv_5x3/summary_nested5x3.csv,nested5x3_unificados/45_pca20_blocks_unificado_nested5x3.ipynb,
PCA20,ridge,lodging,0.8231520684424132,0.6773557173381006,0.8991020310856362,0.6488571430918207,C:/Users/Reyes/OneDrive/PC_REYES/Master_Big_Data_Data_Science/14MBID/2026/Code/repo/outputs_nested5x3/45_pca20_blocks_-_estructura_unificada_+_nested_cv_5x3/summary_nested5x3.csv,nested5x3_unificados/45_pca20_blocks_unificado_nested5x3.ipynb,
PCA20,ridge,plant_height,0.7536514468126917,0.5671841874491361,9.428206508933467,7.0528643116444805,C:/Users/Reyes/OneDrive/PC_REYES/Master_Big_Data_Data_Science/14MBID/2026/Code/repo/outputs_nested5x3/45_pca20_blocks_-_estructura_unificada_+_nested_cv_5x3/summary_nested5x3.csv,nested5x3_unificados/45_pca20_blocks_unificado_nested5x3.ipynb,
PCA20,elastic_net,blumeria_graminis,0.6171768759741976,0.3351046359219723,0.9490937599461344,0.6538507155240276,C:/Users/Reyes/OneDrive/PC_REYES/Master_Big_Data_Data_Science/14MBID/2026/Code/repo/outputs_nested5x3/45_pca20_blocks_-_estructura_unificada_+_nested_cv_5x3/summary_nested5x3.csv,nested5x3_unificados/45_pca20_blocks_unificado_nested5x3.ipynb,
PCA20,elastic_net,puccinia_hordei,0.6449865952035013,0.4134132158241028,0.910367698793972,0.7186878360239836,C:/Users/Reyes/OneDrive/PC_REYES/Master_Big_Data_Data_Science/14MBID/2026/Code/repo/outputs_nested5x3/45_pca20_blocks_-_estructura_unificada_+_nested_cv_5x3/summary_nested5x3.csv,nested5x3_unificados/45_pca20_blocks_unificado_nested5x3.ipynb,
PCA20,elastic_net,ramularia_collo_cygni,0.3575054438639063,0.1265534241945579,1.0476704792448008,0.8187642553420006,C:/Users/Reyes/OneDrive/PC_REYES/Master_Big_Data_Data_Science/14MBID/2026/Code/repo/outputs_nested5x3/45_pca20_blocks_-_estructura_unificada_+_nested_cv_5x3/summary_nested5x3.csv,nested5x3_unificados/45_pca20_blocks_unificado_nested5x3.ipynb,
PCA20,elastic_net,rhynchosporium,0.2094290420045866,0.042921960279973,0.8954144193921717,0.5595290316162577,C:/Users/Reyes/OneDrive/PC_REYES/Master_Big_Data_Data_Science/14MBID/2026/Code/repo/outputs_nested5x3/45_pca20_blocks_-_estructura_unificada_+_nested_cv_5x3/summary_nested5x3.csv,nested5x3_unificados/45_pca20_blocks_unificado_nested5x3.ipynb,
PCA20,elastic_net,heading_date,0.7530665278995361,0.56621582402494,20.92883980080067,15.343688718180704,C:/Users/Reyes/OneDrive/PC_REYES/Master_Big_Data_Data_Science/14MBID/2026/Code/repo/outputs_nested5x3/45_pca20_blocks_-_estructura_unificada_+_nested_cv_5x3/summary_nested5x3.csv,nested5x3_unificados/45_pca20_blocks_unificado_nested5x3.ipynb,
PCA20,elastic_net,lodging,0.8387979204515535,0.7035651221141899,0.8618102242605281,0.6404853923286616,C:/Users/Reyes/OneDrive/PC_REYES/Master_Big_Data_Data_Science/14MBID/2026/Code/repo/outputs_nested5x3/45_pca20_blocks_-_estructura_unificada_+_nested_cv_5x3/summary_nested5x3.csv,nested5x3_unificados/45_pca20_blocks_unificado_nested5x3.ipynb,
PCA20,elastic_net,plant_height,0.7554664076854735,0.5697534220851644,9.400181504986763,6.996533965895556,C:/Users/Reyes/OneDrive/PC_REYES/Master_Big_Data_Data_Science/14MBID/2026/Code/repo/outputs_nested5x3/45_pca20_blocks_-_estructura_unificada_+_nested_cv_5x3/summary_nested5x3.csv,nested5x3_unificados/45_pca20_blocks_unificado_nested5x3.ipynb,
PCA20,svr_linear,blumeria_graminis,0.6327387185382116,0.3526805744828808,0.9364655070895768,0.6510234088629716,C:/Users/Reyes/OneDrive/PC_REYES/Master_Big_Data_Data_Science/14MBID/2026/Code/repo/outputs_nested5x3/10_pca20_svr_-_estructura_unificada_+_nested_cv_5x3/summary_nested5x3.csv,nested5x3_unificados/10_pca20_svr_unificado_nested5x3.ipynb,
PCA20,svr_linear,puccinia_hordei,0.5845248378058352,0.3205779766442967,0.97976182329767,0.7237643481146259,C:/Users/Reyes/OneDrive/PC_REYES/Master_Big_Data_Data_Science/14MBID/2026/Code/repo/outputs_nested5x3/10_pca20_svr_-_estructura_unificada_+_nested_cv_5x3/summary_nested5x3.csv,nested5x3_unificados/10_pca20_svr_unificado_nested5x3.ipynb,
PCA20,svr_linear,ramularia_collo_cygni,0.2854973555072591,-0.0554326138885081,1.151653385255745,0.8357154274476261,C:/Users/Reyes/OneDrive/PC_REYES/Master_Big_Data_Data_Science/14MBID/2026/Code/repo/outputs_nested5x3/10_pca20_svr_-_estructura_unificada_+_nested_cv_5x3/summary_nested5x3.csv,nested5x3_unificados/10_pca20_svr_unificado_nested5x3.ipynb,
PCA20,svr_linear,rhynchosporium,0.1709858783744133,0.0235499826066417,0.9044309524729393,0.6171784767120256,C:/Users/Reyes/OneDrive/PC_REYES/Master_Big_Data_Data_Science/14MBID/2026/Code/repo/outputs_nested5x3/10_pca20_svr_-_estructura_unificada_+_nested_cv_5x3/summary_nested5x3.csv,nested5x3_unificados/10_pca20_svr_unificado_nested5x3.ipynb,
PCA20,svr_linear,heading_date,0.7460793719773648,0.5304381298592047,21.77482698065668,13.826452104917662,C:/Users/Reyes/OneDrive/PC_REYES/Master_Big_Data_Data_Science/14MBID/2026/Code/repo/outputs_nested5x3/10_pca20_svr_-_estructura_unificada_+_nested_cv_5x3/summary_nested5x3.csv,nested5x3_unificados/10_pca20_svr_unificado_nested5x3.ipynb,
PCA20,svr_linear,lodging,0.8497961786105552,0.7213619864521743,0.8355398629040038,0.6360643789251411,C:/Users/Reyes/OneDrive/PC_REYES/Master_Big_Data_Data_Science/14MBID/2026/Code/repo/outputs_nested5x3/10_pca20_svr_-_estructura_unificada_+_nested_cv_5x3/summary_nested5x3.csv,nested5x3_unificados/10_pca20_svr_unificado_nested5x3.ipynb,
PCA20,svr_linear,plant_height,0.7496668855252678,0.5588833930471973,9.51818695853828,7.000909460852409,C:/Users/Reyes/OneDrive/PC_REYES/Master_Big_Data_Data_Science/14MBID/2026/Code/repo/outputs_nested5x3/10_pca20_svr_-_estructura_unificada_+_nested_cv_5x3/summary_nested5x3.csv,nested5x3_unificados/10_pca20_svr_unificado_nested5x3.ipynb,
PCA20,svr_rbf,blumeria_graminis,0.7286600238296017,0.529325074231858,0.7985332364094307,0.6196472968499208,C:/Users/Reyes/OneDrive/PC_REYES/Master_Big_Data_Data_Science/14MBID/2026/Code/repo/outputs_nested5x3/10_pca20_svr_-_estructura_unificada_+_nested_cv_5x3/summary_nested5x3.csv,nested5x3_unificados/10_pca20_svr_unificado_nested5x3.ipynb,
PCA20,svr_rbf,puccinia_hordei,0.7023483306495792,0.4910925829907417,0.8479497043873627,0.6495527475741468,C:/Users/Reyes/OneDrive/PC_REYES/Master_Big_Data_Data_Science/14MBID/2026/Code/repo/outputs_nested5x3/10_pca20_svr_-_estructura_unificada_+_nested_cv_5x3/summary_nested5x3.csv,nested5x3_unificados/10_pca20_svr_unificado_nested5x3.ipynb,
PCA20,svr_rbf,ramularia_collo_cygni,0.3617207838327954,0.1282924795408779,1.0466269896979128,0.8121917032276322,C:/Users/Reyes/OneDrive/PC_REYES/Master_Big_Data_Data_Science/14MBID/2026/Code/repo/outputs_nested5x3/10_pca20_svr_-_estructura_unificada_+_nested_cv_5x3/summary_nested5x3.csv,nested5x3_unificados/10_pca20_svr_unificado_nested5x3.ipynb,
PCA20,svr_rbf,rhynchosporium,0.1696786904291045,0.0198083646115557,0.9061621212360002,0.6243750354050794,C:/Users/Reyes/OneDrive/PC_REYES/Master_Big_Data_Data_Science/14MBID/2026/Code/repo/outputs_nested5x3/10_pca20_svr_-_estructura_unificada_+_nested_cv_5x3/summary_nested5x3.csv,nested5x3_unificados/10_pca20_svr_unificado_nested5x3.ipynb,
PCA20,svr_rbf,heading_date,0.7790985402831716,0.5956453473675068,20.206426866510853,11.35037255793163,C:/Users/Reyes/OneDrive/PC_REYES/Master_Big_Data_Data_Science/14MBID/2026/Code/repo/outputs_nested5x3/10_pca20_svr_-_estructura_unificada_+_nested_cv_5x3/summary_nested5x3.csv,nested5x3_unificados/10_pca20_svr_unificado_nested5x3.ipynb,
PCA20,svr_rbf,lodging,0.8716079407730642,0.7594330517798089,0.776363253441289,0.5871921613575761,C:/Users/Reyes/OneDrive/PC_REYES/Master_Big_Data_Data_Science/14MBID/2026/Code/repo/outputs_nested5x3/10_pca20_svr_-_estructura_unificada_+_nested_cv_5x3/summary_nested5x3.csv,nested5x3_unificados/10_pca20_svr_unificado_nested5x3.ipynb,
PCA20,svr_rbf,plant_height,0.7903791176010909,0.6231737013197702,8.797274213093985,6.433293797806189,C:/Users/Reyes/OneDrive/PC_REYES/Master_Big_Data_Data_Science/14MBID/2026/Code/repo/outputs_nested5x3/10_pca20_svr_-_estructura_unificada_+_nested_cv_5x3/summary_nested5x3.csv,nested5x3_unificados/10_pca20_svr_unificado_nested5x3.ipynb,
PCA20,decision_tree,blumeria_graminis,0.6766695403001488,0.4559618660366428,0.8585135157783017,0.6644381488686377,C:/Users/Reyes/OneDrive/PC_REYES/Master_Big_Data_Data_Science/14MBID/2026/Code/repo/outputs_nested5x3/20_pca20_tree_-_estructura_unificada_+_nested_cv_5x3/summary_nested5x3.csv,nested5x3_unificados/20_pca20_tree_unificado_nested5x3.ipynb,
PCA20,decision_tree,puccinia_hordei,0.6289976743348548,0.3895887872553949,0.928671150382216,0.7206844611745735,C:/Users/Reyes/OneDrive/PC_REYES/Master_Big_Data_Data_Science/14MBID/2026/Code/repo/outputs_nested5x3/20_pca20_tree_-_estructura_unificada_+_nested_cv_5x3/summary_nested5x3.csv,nested5x3_unificados/20_pca20_tree_unificado_nested5x3.ipynb,
PCA20,decision_tree,ramularia_collo_cygni,0.2537597170449932,0.0108585250317859,1.1148995485694086,0.8694212039630174,C:/Users/Reyes/OneDrive/PC_REYES/Master_Big_Data_Data_Science/14MBID/2026/Code/repo/outputs_nested5x3/20_pca20_tree_-_estructura_unificada_+_nested_cv_5x3/summary_nested5x3.csv,nested5x3_unificados/20_pca20_tree_unificado_nested5x3.ipynb,
PCA20,decision_tree,rhynchosporium,0.0873659244973129,-0.0352629963117721,0.9312703021604842,0.57614830053597,C:/Users/Reyes/OneDrive/PC_REYES/Master_Big_Data_Data_Science/14MBID/2026/Code/repo/outputs_nested5x3/20_pca20_tree_-_estructura_unificada_+_nested_cv_5x3/summary_nested5x3.csv,nested5x3_unificados/20_pca20_tree_unificado_nested5x3.ipynb,
PCA20,decision_tree,heading_date,0.7027383061978627,0.4831706642165162,22.84451169580425,13.895181918196116,C:/Users/Reyes/OneDrive/PC_REYES/Master_Big_Data_Data_Science/14MBID/2026/Code/repo/outputs_nested5x3/20_pca20_tree_-_estructura_unificada_+_nested_cv_5x3/summary_nested5x3.csv,nested5x3_unificados/20_pca20_tree_unificado_nested5x3.ipynb,
PCA20,decision_tree,lodging,0.807281948341925,0.6480248146860629,0.9390809162527196,0.7091228277958084,C:/Users/Reyes/OneDrive/PC_REYES/Master_Big_Data_Data_Science/14MBID/2026/Code/repo/outputs_nested5x3/20_pca20_tree_-_estructura_unificada_+_nested_cv_5x3/summary_nested5x3.csv,nested5x3_unificados/20_pca20_tree_unificado_nested5x3.ipynb,
PCA20,decision_tree,plant_height,0.7133059215222992,0.4993907030553266,10.13974381115392,7.513458536675443,C:/Users/Reyes/OneDrive/PC_REYES/Master_Big_Data_Data_Science/14MBID/2026/Code/repo/outputs_nested5x3/20_pca20_tree_-_estructura_unificada_+_nested_cv_5x3/summary_nested5x3.csv,nested5x3_unificados/20_pca20_tree_unificado_nested5x3.ipynb,
PCA20,random_forest,blumeria_graminis,0.7240541723135465,0.5241282176305819,0.8029295515140694,0.619454707481207,C:/Users/Reyes/OneDrive/PC_REYES/Master_Big_Data_Data_Science/14MBID/2026/Code/repo/outputs_nested5x3/40_pca20_ensemble_-_estructura_unificada_+_nested_cv_5x3/summary_nested5x3.csv,nested5x3_unificados/40_pca20_ensemble_unificado_nested5x3.ipynb,
PCA20,random_forest,puccinia_hordei,0.6995317096444247,0.4893398223661851,0.8494086881614471,0.6556578620929662,C:/Users/Reyes/OneDrive/PC_REYES/Master_Big_Data_Data_Science/14MBID/2026/Code/repo/outputs_nested5x3/40_pca20_ensemble_-_estructura_unificada_+_nested_cv_5x3/summary_nested5x3.csv,nested5x3_unificados/40_pca20_ensemble_unificado_nested5x3.ipynb,
PCA20,random_forest,ramularia_collo_cygni,0.3461196702291273,0.1130379575490411,1.0557450424350152,0.8180133967798886,C:/Users/Reyes/OneDrive/PC_REYES/Master_Big_Data_Data_Science/14MBID/2026/Code/repo/outputs_nested5x3/40_pca20_ensemble_-_estructura_unificada_+_nested_cv_5x3/summary_nested5x3.csv,nested5x3_unificados/40_pca20_ensemble_unificado_nested5x3.ipynb,
PCA20,random_forest,rhynchosporium,0.2103053618850929,0.0189495017341544,0.9065590327019848,0.5586723991181288,C:/Users/Reyes/OneDrive/PC_REYES/Master_Big_Data_Data_Science/14MBID/2026/Code/repo/outputs_nested5x3/40_pca20_ensemble_-_estructura_unificada_+_nested_cv_5x3/summary_nested5x3.csv,nested5x3_unificados/40_pca20_ensemble_unificado_nested5x3.ipynb,
PCA20,random_forest,heading_date,0.7882798296254394,0.6203096165365298,19.58046944732811,12.650953185142406,C:/Users/Reyes/OneDrive/PC_REYES/Master_Big_Data_Data_Science/14MBID/2026/Code/repo/outputs_nested5x3/40_pca20_ensemble_-_estructura_unificada_+_nested_cv_5x3/summary_nested5x3.csv,nested5x3_unificados/40_pca20_ensemble_unificado_nested5x3.ipynb,
PCA20,random_forest,lodging,0.8725729694930571,0.7610346456390106,0.7737745871963319,0.5951306115154796,C:/Users/Reyes/OneDrive/PC_REYES/Master_Big_Data_Data_Science/14MBID/2026/Code/repo/outputs_nested5x3/40_pca20_ensemble_-_estructura_unificada_+_nested_cv_5x3/summary_nested5x3.csv,nested5x3_unificados/40_pca20_ensemble_unificado_nested5x3.ipynb,
PCA20,random_forest,plant_height,0.7935928998807116,0.6290659254177393,8.728224173384692,6.530883619506678,C:/Users/Reyes/OneDrive/PC_REYES/Master_Big_Data_Data_Science/14MBID/2026/Code/repo/outputs_nested5x3/40_pca20_ensemble_-_estructura_unificada_+_nested_cv_5x3/summary_nested5x3.csv,nested5x3_unificados/40_pca20_ensemble_unificado_nested5x3.ipynb,
PCA20,gradient_boosting,blumeria_graminis,0.7214742545331185,0.519992755778615,0.8064108481988688,0.6263005218643276,C:/Users/Reyes/OneDrive/PC_REYES/Master_Big_Data_Data_Science/14MBID/2026/Code/repo/outputs_nested5x3/40_pca20_ensemble_-_estructura_unificada_+_nested_cv_5x3/summary_nested5x3.csv,nested5x3_unificados/40_pca20_ensemble_unificado_nested5x3.ipynb,
PCA20,gradient_boosting,puccinia_hordei,0.6901809405356332,0.4760746959584788,0.8603702599672856,0.6635054413129102,C:/Users/Reyes/OneDrive/PC_REYES/Master_Big_Data_Data_Science/14MBID/2026/Code/repo/outputs_nested5x3/40_pca20_ensemble_-_estructura_unificada_+_nested_cv_5x3/summary_nested5x3.csv,nested5x3_unificados/40_pca20_ensemble_unificado_nested5x3.ipynb,
PCA20,gradient_boosting,ramularia_collo_cygni,0.3343283251404014,0.1116420697868288,1.0565754738106596,0.8197146893927952,C:/Users/Reyes/OneDrive/PC_REYES/Master_Big_Data_Data_Science/14MBID/2026/Code/repo/outputs_nested5x3/40_pca20_ensemble_-_estructura_unificada_+_nested_cv_5x3/summary_nested5x3.csv,nested5x3_unificados/40_pca20_ensemble_unificado_nested5x3.ipynb,
PCA20,gradient_boosting,rhynchosporium,0.1864292452556941,0.0325490620999631,0.9002536339157288,0.5622229498422954,C:/Users/Reyes/OneDrive/PC_REYES/Master_Big_Data_Data_Science/14MBID/2026/Code/repo/outputs_nested5x3/40_pca20_ensemble_-_estructura_unificada_+_nested_cv_5x3/summary_nested5x3.csv,nested5x3_unificados/40_pca20_ensemble_unificado_nested5x3.ipynb,
PCA20,gradient_boosting,heading_date,0.7835002847563028,0.613851734432324,19.746282469791527,12.3623232946652,C:/Users/Reyes/OneDrive/PC_REYES/Master_Big_Data_Data_Science/14MBID/2026/Code/repo/outputs_nested5x3/40_pca20_ensemble_-_estructura_unificada_+_nested_cv_5x3/summary_nested5x3.csv,nested5x3_unificados/40_pca20_ensemble_unificado_nested5x3.ipynb,
PCA20,gradient_boosting,lodging,0.8685545162823342,0.7543160121085932,0.7845767213563047,0.6005931117119025,C:/Users/Reyes/OneDrive/PC_REYES/Master_Big_Data_Data_Science/14MBID/2026/Code/repo/outputs_nested5x3/40_pca20_ensemble_-_estructura_unificada_+_nested_cv_5x3/summary_nested5x3.csv,nested5x3_unificados/40_pca20_ensemble_unificado_nested5x3.ipynb,
PCA20,gradient_boosting,plant_height,0.7887058802869694,0.6220289919580921,8.810626102230753,6.583301691769147,C:/Users/Reyes/OneDrive/PC_REYES/Master_Big_Data_Data_Science/14MBID/2026/Code/repo/outputs_nested5x3/40_pca20_ensemble_-_estructura_unificada_+_nested_cv_5x3/summary_nested5x3.csv,nested5x3_unificados/40_pca20_ensemble_unificado_nested5x3.ipynb,
PCA20,adaboost,blumeria_graminis,0.7135583987116985,0.5053979929289782,0.8185786302032639,0.6405450553047775,C:/Users/Reyes/OneDrive/PC_REYES/Master_Big_Data_Data_Science/14MBID/2026/Code/repo/outputs_nested5x3/40_pca20_ensemble_-_estructura_unificada_+_nested_cv_5x3/summary_nested5x3.csv,nested5x3_unificados/40_pca20_ensemble_unificado_nested5x3.ipynb,
PCA20,adaboost,puccinia_hordei,0.659450162222452,0.4293709693566269,0.8978993023716512,0.7037167081093598,C:/Users/Reyes/OneDrive/PC_REYES/Master_Big_Data_Data_Science/14MBID/2026/Code/repo/outputs_nested5x3/40_pca20_ensemble_-_estructura_unificada_+_nested_cv_5x3/summary_nested5x3.csv,nested5x3_unificados/40_pca20_ensemble_unificado_nested5x3.ipynb,
PCA20,adaboost,ramularia_collo_cygni,0.2927445291344502,0.0851426974115151,1.072218294413499,0.8400800644034544,C:/Users/Reyes/OneDrive/PC_REYES/Master_Big_Data_Data_Science/14MBID/2026/Code/repo/outputs_nested5x3/40_pca20_ensemble_-_estructura_unificada_+_nested_cv_5x3/summary_nested5x3.csv,nested5x3_unificados/40_pca20_ensemble_unificado_nested5x3.ipynb,
PCA20,adaboost,rhynchosporium,0.1632561729558314,-0.042321656758969,0.9344397160991548,0.6725142185713769,C:/Users/Reyes/OneDrive/PC_REYES/Master_Big_Data_Data_Science/14MBID/2026/Code/repo/outputs_nested5x3/40_pca20_ensemble_-_estructura_unificada_+_nested_cv_5x3/summary_nested5x3.csv,nested5x3_unificados/40_pca20_ensemble_unificado_nested5x3.ipynb,
PCA20,adaboost,heading_date,0.7428414656465581,0.53515250713258,21.665242153033976,16.731786654089426,C:/Users/Reyes/OneDrive/PC_REYES/Master_Big_Data_Data_Science/14MBID/2026/Code/repo/outputs_nested5x3/40_pca20_ensemble_-_estructura_unificada_+_nested_cv_5x3/summary_nested5x3.csv,nested5x3_unificados/40_pca20_ensemble_unificado_nested5x3.ipynb,
PCA20,adaboost,lodging,0.8537838860014734,0.7226225752574889,0.8336476835740154,0.647582415841314,C:/Users/Reyes/OneDrive/PC_REYES/Master_Big_Data_Data_Science/14MBID/2026/Code/repo/outputs_nested5x3/40_pca20_ensemble_-_estructura_unificada_+_nested_cv_5x3/summary_nested5x3.csv,nested5x3_unificados/40_pca20_ensemble_unificado_nested5x3.ipynb,
PCA20,adaboost,plant_height,0.747482256464934,0.5525867349423841,9.585879271171075,7.377774834674198,C:/Users/Reyes/OneDrive/PC_REYES/Master_Big_Data_Data_Science/14MBID/2026/Code/repo/outputs_nested5x3/40_pca20_ensemble_-_estructura_unificada_+_nested_cv_5x3/summary_nested5x3.csv,nested5x3_unificados/40_pca20_ensemble_unificado_nested5x3.ipynb,
PCA20,xgboost,blumeria_graminis,0.7142553780819896,0.5084715450047643,0.8160312639935893,0.6294792647146943,C:/Users/Reyes/OneDrive/PC_REYES/Master_Big_Data_Data_Science/14MBID/2026/Code/repo/outputs_nested5x3/45_pca20_blocks_-_estructura_unificada_+_nested_cv_5x3/summary_nested5x3.csv,nested5x3_unificados/45_pca20_blocks_unificado_nested5x3.ipynb,
PCA20,xgboost,puccinia_hordei,0.6814499462820871,0.4610767461019641,0.8725979020809009,0.67032806577398,C:/Users/Reyes/OneDrive/PC_REYES/Master_Big_Data_Data_Science/14MBID/2026/Code/repo/outputs_nested5x3/45_pca20_blocks_-_estructura_unificada_+_nested_cv_5x3/summary_nested5x3.csv,nested5x3_unificados/45_pca20_blocks_unificado_nested5x3.ipynb,
PCA20,xgboost,ramularia_collo_cygni,0.3182009497067257,0.08132675056208,1.0744521238636329,0.8311302169930792,C:/Users/Reyes/OneDrive/PC_REYES/Master_Big_Data_Data_Science/14MBID/2026/Code/repo/outputs_nested5x3/45_pca20_blocks_-_estructura_unificada_+_nested_cv_5x3/summary_nested5x3.csv,nested5x3_unificados/45_pca20_blocks_unificado_nested5x3.ipynb,
PCA20,xgboost,rhynchosporium,0.1904822736756225,-0.007507857052361,0.9187019304336602,0.5531263167488524,C:/Users/Reyes/OneDrive/PC_REYES/Master_Big_Data_Data_Science/14MBID/2026/Code/repo/outputs_nested5x3/45_pca20_blocks_-_estructura_unificada_+_nested_cv_5x3/summary_nested5x3.csv,nested5x3_unificados/45_pca20_blocks_unificado_nested5x3.ipynb,
PCA20,xgboost,heading_date,0.7862197770934484,0.6180776345626733,19.63793629168321,12.71355186848748,C:/Users/Reyes/OneDrive/PC_REYES/Master_Big_Data_Data_Science/14MBID/2026/Code/repo/outputs_nested5x3/45_pca20_blocks_-_estructura_unificada_+_nested_cv_5x3/summary_nested5x3.csv,nested5x3_unificados/45_pca20_blocks_unificado_nested5x3.ipynb,
PCA20,xgboost,lodging,0.8669355306451074,0.7513761745150503,0.7892568578135121,0.6037926299975298,C:/Users/Reyes/OneDrive/PC_REYES/Master_Big_Data_Data_Science/14MBID/2026/Code/repo/outputs_nested5x3/45_pca20_blocks_-_estructura_unificada_+_nested_cv_5x3/summary_nested5x3.csv,nested5x3_unificados/45_pca20_blocks_unificado_nested5x3.ipynb,
PCA20,xgboost,plant_height,0.7856645658605594,0.61703175765167,8.868678423509593,6.561200305513655,C:/Users/Reyes/OneDrive/PC_REYES/Master_Big_Data_Data_Science/14MBID/2026/Code/repo/outputs_nested5x3/45_pca20_blocks_-_estructura_unificada_+_nested_cv_5x3/summary_nested5x3.csv,nested5x3_unificados/45_pca20_blocks_unificado_nested5x3.ipynb,
